Year,Type,SO4,NO3,NH4,TOC
2023,CLOUD,8.38,9.39,4.48,27.17
2023,CLOUD,4.09,7.11,2.21,11.08
2023,CLOUD,3.63,5.22,2.63,9.42
2023,CLOUD,3.14,2.09,1.42,14.28
2023,CLOUD,2.35,5.2,1.23,13.64
2023,CLOUD,2.08,2.49,1.16,3.97
2023,CLOUD,1.95,2.55,0.45,5.49
2023,CLOUD,1.89,0.93,0.66,7.89
2023,CLOUD,1.88,1.67,0.51,8.62
2023,CLOUD,1.86,3.46,1.29,4.3
2023,CLOUD,1.83,1.46,0.94,7.82
2023,CLOUD,1.73,1.1,0.57,3.67
2023,CLOUD,1.66,3.4,1.64,6.84
2023,CLOUD,1.6,1.12,,8.03
2023,CLOUD,1.43,0.76,0.28,3.59
2023,CLOUD,1.42,1.77,0.89,13.5
2023,CLOUD,1.41,1.4,0.46,3.12
2023,CLOUD,1.35,0.9,0.26,
2023,CLOUD,1.32,1.41,0.97,11.39
2023,CLOUD,1.28,1.05,0.62,5.02
2023,CLOUD,1.24,1.56,0.59,2.39
2023,CLOUD,1.23,1.59,0.16,5.55
2023,CLOUD,1.18,3.21,1.19,4.03
2023,CLOUD,1.18,1.13,0.25,4.46
2023,CLOUD,1.12,2.4,0.49,6.04
2023,CLOUD,1.11,0.78,0.35,4.19
2023,CLOUD,1.02,1.01,0.48,9.37
2023,CLOUD,1,1.81,0.21,2.25
2023,CLOUD,0.9,2.11,0.78,1.54
2023,CLOUD,0.87,0.63,0.12,6.08
2023,CLOUD,0.86,1.67,0.32,2.92
2023,CLOUD,0.83,1.27,0.17,4.3
2023,CLOUD,0.83,1.89,,3.17
2023,CLOUD,0.82,0.73,0.36,5.01
2023,CLOUD,0.82,0.39,0.15,1.26
2023,CLOUD,0.81,1.13,0.1,2.35
2023,CLOUD,0.77,2.51,0.26,2.04
2023,CLOUD,0.74,1.19,0.12,1.74
2023,CLOUD,0.7,0.6,0.22,1.44
2023,CLOUD,0.66,0.56,0.17,0.99
2023,CLOUD,0.62,1.69,0.07,1.77
2023,CLOUD,0.59,0.23,0.1,1.11
2023,CLOUD,0.55,0.88,0.21,2.82
2023,CLOUD,0.55,0.65,0.07,0.89
2023,CLOUD,0.53,1.15,0.11,1.06
2023,CLOUD,0.51,1.1,0.31,0.93
2023,CLOUD,0.5,0.62,0.23,2.51
2023,CLOUD,0.48,1.03,0.09,1.13
2023,CLOUD,0.47,1.03,0.3,1.76
2023,CLOUD,0.45,0.61,0.19,0.89
2023,CLOUD,0.44,1.12,0.41,1.58
2023,CLOUD,0.43,0.19,0.16,2.35
2023,CLOUD,0.36,0.35,0.04,2.41
2023,CLOUD,0.33,0.39,0.09,1.81
2023,CLOUD,0.32,0.39,0.13,1.68
2023,CLOUD,0.31,0.69,0.04,0.74
2023,CLOUD,0.19,0.23,0.05,0.88
2023,CLOUD,0.17,0.29,0.04,0.92
2023,CLOUD,0.17,0.03,0.02,0.89
2023,CLOUD,0.11,0.03,0.01,0.66
2023,CLOUD,0.1,0.1,0.03,0.84
2023,CLOUD,0.1,0.15,0.02,0.61
2023,CLOUD,0.1,0.08,0.01,0.27
2023,CLOUD,0.09,0.09,0.02,0.41
2023,RAIN,0.83,1.66,0.35,5.18
2023,RAIN,0.5,1.13,0.09,4.21
2023,RAIN,0.48,1.18,0.7,1.78
2023,RAIN,0.48,1.03,0.19,
2023,RAIN,0.47,0.86,0.22,1.67
2023,RAIN,0.4,0.93,0.13,2
2023,RAIN,0.36,0.32,0.25,2.75
2023,RAIN,0.34,0.96,0.1,1.24
2023,RAIN,0.31,0.51,0.16,1.96
2023,RAIN,0.3,0.42,0.14,1.08
2023,RAIN,0.28,0.24,,
2023,RAIN,0.27,0.55,0.24,1.31
2023,RAIN,0.26,0.78,0.1,0.81
2023,RAIN,0.25,0.5,0.18,1.37
2023,RAIN,0.25,0.18,0.11,1.77
2023,RAIN,0.23,0.34,0.46,1.23
2023,RAIN,0.23,0.47,0.15,1.29
2023,RAIN,0.23,0.43,0.09,0.78
2023,RAIN,0.22,0.68,0.05,1.11
2023,RAIN,0.22,0.51,0.05,0.79
2023,RAIN,0.2,0.33,0.13,0.93
2023,RAIN,0.2,0.36,0.12,0.65
2023,RAIN,0.2,0.25,0.07,1.14
2023,RAIN,0.19,0.46,0.06,2.77
2023,RAIN,0.18,0.42,0.14,1.04
2023,RAIN,0.18,0.06,0.08,1.41
2023,RAIN,0.17,0.37,0.03,1.64
2023,RAIN,0.14,0.12,0.08,1.05
2023,RAIN,0.13,0.13,0.03,1.12
2023,RAIN,0.12,0.31,0.05,0.6
2023,RAIN,0.12,0.06,0.03,
2023,RAIN,0.11,0.23,0.06,0.98
2023,RAIN,0.11,0.08,0.01,0.61
2023,RAIN,0.04,0.05,0.03,0.49
2023,RAIN,0.04,0.15,0.02,0.62
2023,RAIN,0.04,0.03,0.01,0.55
2022,CLOUD,4.05,3.97,2.37,6.1
2022,CLOUD,3.54,2.37,1.15,6.7
2022,CLOUD,2.65,3.57,1.74,3.75
2022,CLOUD,2.42,3.6,2.3,6.48
2022,CLOUD,2.36,3.77,1.44,3.34
2022,CLOUD,2.32,1.75,0.94,4.37
2022,CLOUD,2.1,1.65,,
2022,CLOUD,1.77,1.41,0.62,3.06
2022,CLOUD,1.74,1.79,,3.44
2022,CLOUD,1.57,1.27,0.75,5.67
2022,CLOUD,1.49,1.43,0.76,4.61
2022,CLOUD,1.43,1.67,0.67,2.41
2022,CLOUD,1.43,1.26,0.54,2.24
2022,CLOUD,1.42,1.81,0.55,3
2022,CLOUD,1.39,1.48,0.51,2.57
2022,CLOUD,1.39,1.07,0.79,2.95
2022,CLOUD,1.33,1.34,0.69,4
2022,CLOUD,1.32,1.21,0.81,2.63
2022,CLOUD,1.14,1.79,0.67,4.32
2022,CLOUD,1.08,1.23,0.24,2.73
2022,CLOUD,1.03,0.81,0.31,1.68
2022,CLOUD,0.98,1.23,0.52,2.32
2022,CLOUD,0.93,0.86,0.27,3.01
2022,CLOUD,0.82,0.82,0.31,3.12
2022,CLOUD,0.75,0.91,0.28,1.78
2022,CLOUD,0.67,0.42,0.33,2.72
2022,CLOUD,0.61,0.69,0.39,2.03
2022,CLOUD,0.6,0.72,0.37,2.15
2022,CLOUD,0.56,0.43,0.32,2.2
2022,CLOUD,0.43,0.59,0.14,1.16
2022,CLOUD,0.41,1.04,0.19,2.36
2022,CLOUD,0.38,0.35,0.24,1.85
2022,CLOUD,0.38,0.39,0.19,1.39
2022,CLOUD,0.34,0.27,0.11,0.77
2022,CLOUD,0.33,0.25,0.12,0.83
2022,CLOUD,0.33,0.47,0.19,1.5
2022,CLOUD,0.25,0.5,0.13,1.15
2022,CLOUD,0.19,0.13,0.08,0.83
2022,CLOUD,0.13,0.07,0.05,0.48
2022,CLOUD,0.09,0.06,0.03,0.28
2022,CLOUD,0.04,0.03,,
2022,CLOUD,0.04,0.07,0.02,0.35
2022,RAIN,0.96,1.68,0.52,2.19
2022,RAIN,0.63,0.59,0.21,1.8
2022,RAIN,0.61,0.49,,
2022,RAIN,0.58,0.9,0.49,1.36
2022,RAIN,0.53,0.43,,
2022,RAIN,0.5,0.69,0.22,2.11
2022,RAIN,0.43,0.4,0.36,1.53
2022,RAIN,0.42,0.25,0.09,1.6
2022,RAIN,0.31,0.34,0.09,1.04
2022,RAIN,0.29,0.35,0.12,2.22
2022,RAIN,0.21,0.42,0.09,1.71
2022,RAIN,0.2,0.38,0.08,1.06
2022,RAIN,0.19,0.12,0.07,0.54
2022,RAIN,0.17,0.24,0.09,1.09
2022,RAIN,0.17,0.15,0.37,
2022,RAIN,0.14,0.47,0.04,1.2
2022,RAIN,0.14,0.16,0.04,0.72
2022,RAIN,0.1,0.06,0.03,0.42
2022,RAIN,0.04,0.16,0.03,0.57
2022,RAIN,0.04,0.03,0,0.14
2022,RAIN,0.04,0.03,0,0.14
2022,RAIN,0.04,0.03,0,0.14
2021,CLOUD,8.41,8.37,2.45,11.47
2021,CLOUD,5.84,4.51,3.36,11.83
2021,CLOUD,5.27,4.06,1.71,
2021,CLOUD,5.06,3.94,1.65,7.05
2021,CLOUD,3.23,2.05,,
2021,CLOUD,2.46,2.87,1.01,
2021,CLOUD,2.38,2,1.6,5.13
2021,CLOUD,2.27,4.39,0.57,
2021,CLOUD,2.12,2.26,1.17,4.38
2021,CLOUD,2.04,2.5,0.33,1.75
2021,CLOUD,2,1.33,0.53,
2021,CLOUD,1.93,1.12,,
2021,CLOUD,1.86,2.1,1.39,19.04
2021,CLOUD,1.84,1.43,0.94,5.19
2021,CLOUD,1.8,1.61,0.98,
2021,CLOUD,1.58,0.7,0.62,3.31
2021,CLOUD,1.51,1.7,0.96,
2021,CLOUD,1.25,1.67,1.2,2.56
2021,CLOUD,1.21,1.13,0.79,3.3
2021,CLOUD,0.8,0.31,,
2021,CLOUD,0.73,0.92,0.21,
2021,CLOUD,0.69,0.75,0.45,2.46
2021,CLOUD,0.6,0.15,,
2021,CLOUD,0.54,0.25,0.02,
2021,CLOUD,0.44,0.52,0.1,0.88
2021,CLOUD,0.41,0.64,,
2021,CLOUD,0.39,0.72,0.19,1.33
2021,CLOUD,0.36,0.63,,
2021,CLOUD,0.3,0.2,,
2021,CLOUD,0.16,0.18,0.06,0.8
2021,CLOUD,,,,
2021,RAIN,1.59,1.57,0.51,5.49
2021,RAIN,1.35,1.13,0.49,3.83
2021,RAIN,1.33,1.18,,
2021,RAIN,1.03,1.49,0.34,
2021,RAIN,0.94,1.3,,
2021,RAIN,0.92,1.22,0.51,
2021,RAIN,0.66,0.53,0.29,1.77
2021,RAIN,0.51,0.28,,
2021,RAIN,0.5,0.6,0.46,
2021,RAIN,0.47,0.6,0.41,
2021,RAIN,0.46,0.44,0.29,0.73
2021,RAIN,0.36,0.85,,
2021,RAIN,0.35,0.54,0.25,1.92
2021,RAIN,0.32,0.35,0.13,0.94
2021,RAIN,0.31,1.11,,
2021,RAIN,0.3,0.23,0.01,0.52
2021,RAIN,0.27,0.55,0.11,1.59
2021,RAIN,0.25,0.27,0.11,1.42
2021,RAIN,0.25,0.06,0.01,0.54
2021,RAIN,0.23,0.48,0.15,
2021,RAIN,0.22,0.15,0.09,1.29
2021,RAIN,0.22,0.49,0.2,
2021,RAIN,0.21,0.4,0.06,0.95
2021,RAIN,0.21,0.27,0.08,0.78
2021,RAIN,0.2,0.19,0.01,0.59
2021,RAIN,0.2,0.36,0.12,1.13
2021,RAIN,0.19,0.39,0.09,
2021,RAIN,0.19,0.34,0.12,1.65
2021,RAIN,0.19,0.45,0.16,1.26
2021,RAIN,0.18,0.51,0.04,0.72
2021,RAIN,0.17,0.34,0.08,1.23
2021,RAIN,0.16,0.22,0.07,
2021,RAIN,0.16,0.49,0.02,0.75
2021,RAIN,0.15,0.18,0.06,1.16
2021,RAIN,0.12,0.14,0.06,0.72
2021,RAIN,0.11,0.36,0.06,1.4
2021,RAIN,0.11,0.28,0.02,0.56
2021,RAIN,0.1,0.37,0.03,0.71
2021,RAIN,0.1,0.08,0,0.25
2021,RAIN,0.09,0.1,0,0.41
2021,RAIN,0.04,0.11,0.01,0.52
2021,RAIN,0.04,0.16,0,0.27
2021,RAIN,,,0.69,
2020,CLOUD,5.2,2.68,2.49,5.32
2020,CLOUD,5.2,2.68,2.49,5.32
2020,CLOUD,4.36,4.05,2.22,
2020,CLOUD,4.36,4.05,2.22,
2020,CLOUD,4.13,3.66,1.19,5.76
2020,CLOUD,4.13,3.66,1.19,5.76
2020,CLOUD,3.98,8.4,6.02,17.2
2020,CLOUD,3.98,8.4,6.02,17.2
2020,CLOUD,2.64,3.26,1.94,7.94
2020,CLOUD,2.64,3.26,1.94,7.94
2020,CLOUD,2.61,1.9,1.74,4.23
2020,CLOUD,2.61,1.9,1.74,4.23
2020,CLOUD,2.42,4.49,,10.33
2020,CLOUD,2.42,4.49,,10.33
2020,CLOUD,2.39,3,0.53,
2020,CLOUD,2.39,3,0.53,
2020,CLOUD,1.94,1.75,0.75,3.64
2020,CLOUD,1.94,1.75,0.75,3.64
2020,CLOUD,1.86,2,1.23,4.5
2020,CLOUD,1.86,2,1.23,4.5
2020,CLOUD,1.83,2.54,,
2020,CLOUD,1.83,2.54,,
2020,CLOUD,1.61,1.67,1.2,3.63
2020,CLOUD,1.61,1.67,1.2,3.63
2020,CLOUD,1.56,3,0.66,8.14
2020,CLOUD,1.56,3,0.66,8.14
2020,CLOUD,1.47,3.05,0.67,3.92
2020,CLOUD,1.47,3.05,0.67,3.92
2020,CLOUD,1.33,1.43,0.42,3.68
2020,CLOUD,1.33,1.43,0.42,3.68
2020,CLOUD,1.18,1.78,1.29,3.94
2020,CLOUD,1.18,1.78,1.29,3.94
2020,CLOUD,1.13,1.37,0.54,4.9
2020,CLOUD,1.13,1.37,0.54,4.9
2020,CLOUD,1.08,0.75,0.67,2.49
2020,CLOUD,1.08,0.75,0.67,2.49
2020,CLOUD,1.06,1.09,0.88,3.51
2020,CLOUD,1.06,1.09,0.88,3.51
2020,CLOUD,0.83,1.79,0.41,7.21
2020,CLOUD,0.83,1.79,0.41,7.21
2020,CLOUD,0.83,1.57,0.28,5.81
2020,CLOUD,0.83,1.57,0.28,5.81
2020,CLOUD,0.72,1,0.27,1.69
2020,CLOUD,0.72,1,0.27,1.69
2020,CLOUD,0.65,1.34,0.39,4.79
2020,CLOUD,0.65,1.34,0.39,4.79
2020,CLOUD,0.57,0.96,0.39,
2020,CLOUD,0.57,0.96,0.39,
2020,CLOUD,0.57,0.95,0.23,1.7
2020,CLOUD,0.57,0.95,0.23,1.7
2020,CLOUD,0.52,0.93,0.21,1.26
2020,CLOUD,0.52,0.93,0.21,1.26
2020,CLOUD,0.51,1.06,0.17,1.62
2020,CLOUD,0.51,1.06,0.17,1.62
2020,CLOUD,0.45,0.81,0.19,2.21
2020,CLOUD,0.45,0.81,0.19,2.21
2020,CLOUD,0.44,0.5,0.47,1.77
2020,CLOUD,0.44,0.5,0.47,1.77
2020,CLOUD,0.43,0.49,0.23,0.81
2020,CLOUD,0.43,0.49,0.23,0.81
2020,CLOUD,0.43,0.7,0.13,1.02
2020,CLOUD,0.43,0.7,0.13,1.02
2020,CLOUD,0.39,0.74,0.09,1.18
2020,CLOUD,0.39,0.74,0.09,1.18
2020,CLOUD,0.29,0.37,0.14,1.11
2020,CLOUD,0.29,0.37,0.14,1.11
2020,CLOUD,0.25,0.49,0.12,1.01
2020,CLOUD,0.25,0.49,0.12,1.01
2020,CLOUD,0.22,0.45,0.27,1.63
2020,CLOUD,0.22,0.45,0.27,1.63
2020,CLOUD,0.13,0.19,0.04,0.57
2020,CLOUD,0.13,0.19,0.04,0.57
2020,CLOUD,,,1.22,
2020,CLOUD,,,1.22,
2020,CLOUD,,,,
2020,CLOUD,,,,
2020,CLOUD,,,,
2020,CLOUD,,,,
2020,RAIN,0.33,0.55,0.09,1.15
2020,RAIN,0.33,0.55,0.09,1.15
2020,RAIN,0.3,0.48,0.18,1.99
2020,RAIN,0.3,0.48,0.18,1.99
2020,RAIN,0.29,0.57,,
2020,RAIN,0.29,0.57,,
2020,RAIN,0.27,0.58,0.11,1.39
2020,RAIN,0.27,0.58,0.11,1.39
2020,RAIN,0.26,0.33,0.18,
2020,RAIN,0.26,0.33,0.18,
2020,RAIN,0.25,0.29,0.15,
2020,RAIN,0.25,0.29,0.15,
2020,RAIN,0.24,0.27,0.07,1.28
2020,RAIN,0.24,0.27,0.07,1.28
2020,RAIN,0.17,0.34,0.09,2.92
2020,RAIN,0.17,0.34,0.09,2.92
2020,RAIN,0.15,0.24,0.07,0.61
2020,RAIN,0.15,0.24,0.07,0.61
2020,RAIN,0.15,0.14,0.04,0.99
2020,RAIN,0.15,0.14,0.04,0.99
2020,RAIN,0.14,0.15,0.07,1.16
2020,RAIN,0.14,0.15,0.07,1.16
2020,RAIN,0.12,0.16,0.07,1.21
2020,RAIN,0.12,0.16,0.07,1.21
2020,RAIN,0.12,1.05,,
2020,RAIN,0.12,1.05,,
2020,RAIN,0.11,0.11,0.06,0.95
2020,RAIN,0.11,0.11,0.06,0.95
2020,RAIN,0.11,0.56,0.03,0.81
2020,RAIN,0.11,0.56,0.03,0.81
2020,RAIN,0.1,0.06,0.03,0.92
2020,RAIN,0.1,0.06,0.03,0.92
2020,RAIN,0.1,0.13,0.02,0.77
2020,RAIN,0.1,0.13,0.02,0.77
2020,RAIN,0.08,0.33,0.01,0.94
2020,RAIN,0.08,0.33,0.01,0.94
2020,RAIN,0.07,0.25,0.02,0.71
2020,RAIN,0.07,0.25,0.02,0.71
2020,RAIN,0.03,0.11,0.02,0.46
2020,RAIN,0.03,0.11,0.02,0.46
2020,RAIN,0.03,0.06,0.01,0.7
2020,RAIN,0.03,0.06,0.01,0.7
2020,RAIN,0.03,0.17,0,0.39
2020,RAIN,0.03,0.17,0,0.39
2020,RAIN,0.03,0.12,0,0.41
2020,RAIN,0.03,0.12,0,0.41
2020,RAIN,0.03,0.08,0,0.82
2020,RAIN,0.03,0.08,0,0.82
2020,RAIN,,,0.35,
2020,RAIN,,,0.35,
2020,RAIN,,,0.23,
2020,RAIN,,,0.23,
2020,RAIN,,,0.16,
2020,RAIN,,,0.16,
2020,RAIN,,,0.16,
2020,RAIN,,,0.16,
2020,RAIN,,,0.12,
2020,RAIN,,,0.12,
2019,CLOUD,2.58,2.34,1.66,4.56
2019,CLOUD,2.44,2.1,0.97,4.39
2019,CLOUD,1.61,3.43,0.49,6.39
2019,CLOUD,0.73,0.62,0.239,5.2
2019,CLOUD,0.52,0.37,0,
2019,CLOUD,0.46,0.71,0.1,1.88
2019,CLOUD,0.12,0.15,0.014,0.84
2019,CLOUD,,,,
2019,RAIN,0.68,0.91,0.158,1.79
2019,RAIN,0.35,0.37,0.15,1.35
2019,RAIN,0.21,0.16,0.084,
2019,RAIN,0.17,0.27,0.095,2.74
2019,RAIN,0.17,0.26,0.08,0.73
2019,RAIN,0.11,0.26,0.01,1.05
2019,RAIN,0.07,0.24,0.029,0.72
2019,RAIN,0.06,0.11,0.05,0.59
2018,CLOUD,5.14,4.6,,12.32
2018,CLOUD,4.3,4.76,,8.11
2018,CLOUD,3.2,2.65,1.515,3.86
2018,CLOUD,2.98,3.58,1.862,6.66
2018,CLOUD,2.31,2.23,1.28,4.09
2018,CLOUD,2.15,3.23,1.768,3.33
2018,CLOUD,2.08,1.92,0.603,5.52
2018,CLOUD,1.36,0.71,0.119,1.22
2018,CLOUD,1.16,0.8,0.464,4.01
2018,CLOUD,1.14,0.81,0.096,1.63
2018,CLOUD,1.09,0.85,0.39,2.1
2018,CLOUD,1.07,0.65,,
2018,CLOUD,1.06,1.66,,
2018,CLOUD,1.05,1,0.548,2.66
2018,CLOUD,0.91,1.27,0.577,2.03
2018,CLOUD,0.62,1.19,0.228,2.48
2018,CLOUD,0.61,0.42,0.265,
2018,CLOUD,0.59,2.18,0.71,0.94
2018,CLOUD,0.57,0.4,0.272,1.94
2018,CLOUD,0.56,0.5,0.313,1.28
2018,CLOUD,0.55,0.28,0.261,2.28
2018,CLOUD,0.48,0.35,0.279,3.86
2018,CLOUD,0.46,0.41,0.112,0.99
2018,CLOUD,0.43,0.49,0.162,1.18
2018,CLOUD,0.39,0.5,0.264,1.46
2018,CLOUD,0.38,0.21,0.002,0.81
2018,CLOUD,0.36,0.57,,
2018,CLOUD,0.35,1.12,0.149,1.33
2018,CLOUD,0.34,0.29,0.221,2.12
2018,CLOUD,0.33,0.32,0.19,0.99
2018,CLOUD,0.32,0.38,0.339,1.7
2018,CLOUD,0.28,0.28,0.058,1.01
2018,CLOUD,0.24,0.11,0.002,0.68
2018,CLOUD,0.24,0.09,0,0.83
2018,CLOUD,0.21,0.09,0.001,1.38
2018,CLOUD,0.19,0.39,0.138,2.18
2018,CLOUD,0.19,0.32,0.119,0.6
2018,CLOUD,0.19,0.35,0.011,1.14
2018,CLOUD,0.18,0.27,0.094,0.79
2018,CLOUD,0.18,0.1,0.031,0.75
2018,CLOUD,0.18,0.07,0.001,0.8
2018,CLOUD,0.17,0.16,0,0.58
2018,CLOUD,0.15,0.17,0.026,0.44
2018,CLOUD,0.14,0.39,0.128,1.02
2018,CLOUD,0.12,0.09,0.001,0.74
2018,CLOUD,0.1,0.23,0.012,
2018,CLOUD,0.09,0.18,,
2018,CLOUD,0.08,0.13,0.018,0.57
2018,CLOUD,,,0.026,
2018,CLOUD,,,0.018,
2018,RAIN,3.02,5.33,,
2018,RAIN,1.63,0.47,0.059,
2018,RAIN,1.62,1.58,0.139,
2018,RAIN,1.03,0.52,0.006,1.11
2018,RAIN,1.02,0.77,,
2018,RAIN,0.8,0.37,0.057,0.99
2018,RAIN,0.65,0.88,0.373,1.23
2018,RAIN,0.6,0.35,0.038,0.84
2018,RAIN,0.59,1.73,0.685,1.57
2018,RAIN,0.58,1.25,0.111,1.86
2018,RAIN,0.56,1.17,0.151,4.21
2018,RAIN,0.55,0.64,0.203,2.75
2018,RAIN,0.55,0.53,0.173,2.04
2018,RAIN,0.53,0.65,0.184,1.34
2018,RAIN,0.53,0.61,0.172,2.34
2018,RAIN,0.47,0.46,,
2018,RAIN,0.45,0.43,0.141,1.99
2018,RAIN,0.44,0.82,0.216,0.91
2018,RAIN,0.42,0.47,,1.82
2018,RAIN,0.41,1.3,0.201,1.33
2018,RAIN,0.38,0.17,0.021,0.52
2018,RAIN,0.37,0.51,0.53,1.58
2018,RAIN,0.35,0.24,0.149,1.31
2018,RAIN,0.33,0.54,0.137,2.66
2018,RAIN,0.29,0.26,0.018,0.97
2018,RAIN,0.29,1.16,,1.75
2018,RAIN,0.28,0.64,0.046,1.79
2018,RAIN,0.27,0.38,0.097,0.73
2018,RAIN,0.25,0.3,0.096,1.09
2018,RAIN,0.25,0.21,0.013,0.72
2018,RAIN,0.25,0.16,0.001,0.81
2018,RAIN,0.24,0.12,0.002,0.39
2018,RAIN,0.23,0.29,0.129,0.92
2018,RAIN,0.23,0.17,0.079,1.22
2018,RAIN,0.22,0.3,0.127,
2018,RAIN,0.22,0.3,0.083,0.97
2018,RAIN,0.21,0.23,0.024,0.72
2018,RAIN,0.19,0.22,0.119,2.03
2018,RAIN,0.19,0.39,0.066,1.03
2018,RAIN,0.19,0.16,0.019,0.98
2018,RAIN,0.19,0.19,0.016,0.61
2018,RAIN,0.19,0.19,0.002,0.83
2018,RAIN,0.17,0.3,0.06,1.02
2018,RAIN,0.17,0.17,0.024,0
2018,RAIN,0.17,0.15,0.014,0.94
2018,RAIN,0.16,0.11,0.023,0.76
2018,RAIN,0.15,0.13,0.002,0.48
2018,RAIN,0.14,0.35,0.015,1.09
2018,RAIN,0.1,0,0.001,0.88
2018,RAIN,0.09,0.24,0.035,0.68
2018,RAIN,0.09,0.14,0.012,0.63
2018,RAIN,0.08,0.2,0.004,0.52
2018,RAIN,0.07,0.19,0.03,1.12
2018,RAIN,0.06,0.08,0,0.8
2018,RAIN,0.05,0.12,0.006,0.56
2018,RAIN,0.05,0.08,0.005,0.32
2018,RAIN,0.05,0.12,0.004,0.82
2018,RAIN,0.05,0.2,0,0.4
2018,RAIN,0.04,0.19,0.009,0.49
2018,RAIN,0.04,0.16,0.005,0.76
2018,RAIN,0.04,0.06,0.004,0.31
2018,RAIN,0.04,0.24,0,0.51
2018,RAIN,0.04,0.17,0,0.45
2018,RAIN,0.04,0.08,0,0.57
2018,RAIN,0.03,0.11,0.011,0.38
2018,RAIN,,,0.371,
2017,CLOUD,3.7,5.29,1.61,8.33
2017,CLOUD,3.64,3.21,1.86,4.77
2017,CLOUD,3.61,3.78,1.74,
2017,CLOUD,3.48,4.42,1.39,4.68
2017,CLOUD,3.4,5.02,1.3,3.62
2017,CLOUD,3.14,2.76,1.72,8.38
2017,CLOUD,2.57,3.3,1.53,3.28
2017,CLOUD,2.55,1.85,1.14,3.6
2017,CLOUD,2.54,2.13,1.44,5.49
2017,CLOUD,2.45,1.22,0.91,5.87
2017,CLOUD,2.44,3.6,1.16,2.69
2017,CLOUD,2.01,5.84,1.3,8.11
2017,CLOUD,1.86,1.73,1.45,8.13
2017,CLOUD,1.83,1.8,0.96,2.23
2017,CLOUD,1.66,2.5,1.36,2.28
2017,CLOUD,1.66,2.52,1.01,2.16
2017,CLOUD,1.66,1.17,0.57,4.01
2017,CLOUD,1.63,0.63,0.36,2.74
2017,CLOUD,1.59,5.34,1,7.08
2017,CLOUD,1.56,1.58,0.87,1.61
2017,CLOUD,1.5,1.26,0.65,
2017,CLOUD,1.43,1.39,1.37,5.03
2017,CLOUD,1.4,1.48,1.42,4.74
2017,CLOUD,1.33,1.22,0.38,2.9
2017,CLOUD,1.27,1.46,0.81,1.41
2017,CLOUD,1.22,1.09,0.71,6.55
2017,CLOUD,1.2,1.23,0.61,4.72
2017,CLOUD,1.2,0.64,0.61,2.55
2017,CLOUD,1.15,1.07,0.56,1.39
2017,CLOUD,1.09,0.97,0.86,3.9
2017,CLOUD,1.06,1.41,0.58,1.96
2017,CLOUD,1.02,1.45,0.56,1.86
2017,CLOUD,0.96,0.77,0.44,1.55
2017,CLOUD,0.96,1.66,0.39,1.73
2017,CLOUD,0.95,0.9,0.52,1.91
2017,CLOUD,0.93,1.43,0.57,1.66
2017,CLOUD,0.92,0.89,0.49,1.83
2017,CLOUD,0.92,0.77,0.29,3.38
2017,CLOUD,0.91,0.55,0.4,1.87
2017,CLOUD,0.87,0.71,0.85,2.52
2017,CLOUD,0.86,1.09,0.35,1.72
2017,CLOUD,0.84,0.72,0.87,2.22
2017,CLOUD,0.83,0.21,0,
2017,CLOUD,0.82,2.04,0.64,4.04
2017,CLOUD,0.82,0.99,0.17,2.4
2017,CLOUD,0.81,2.04,0.62,4.35
2017,CLOUD,0.8,1.03,,
2017,CLOUD,0.72,0.47,0.34,2.22
2017,CLOUD,0.7,0.43,0.34,2.12
2017,CLOUD,0.67,1.17,0.23,2.36
2017,CLOUD,0.63,0.31,0.16,1.23
2017,CLOUD,0.62,1,0.56,1.51
2017,CLOUD,0.6,0.49,0.27,2.74
2017,CLOUD,0.52,0.85,0.24,1.02
2017,CLOUD,0.49,0.69,0.21,1.99
2017,CLOUD,0.47,0.7,0,2.09
2017,CLOUD,0.46,0.68,0.04,1.67
2017,CLOUD,0.45,0.47,0.14,0.9
2017,CLOUD,0.44,0.71,0.18,0.83
2017,CLOUD,0.41,0.66,0.18,1.81
2017,CLOUD,0.34,0.4,0.15,0.71
2017,CLOUD,0.2,0.25,0.11,0.67
2017,CLOUD,0.19,0.19,0.01,1.48
2017,CLOUD,0.14,0.16,0.13,0.65
2017,CLOUD,0.12,0.16,0.1,0.61
2017,CLOUD,0.07,0.09,0.01,0.76
2017,CLOUD,0.07,0.11,0,0.62
2017,CLOUD,,,0.11,
2017,CLOUD,,,,
2017,CLOUD,,,,
2017,RAIN,0.87,0.48,0.37,
2017,RAIN,0.63,1.25,0.43,0.76
2017,RAIN,0.53,0.77,0.45,5.16
2017,RAIN,0.53,0.68,0.3,1.33
2017,RAIN,0.49,0.99,0.31,0.93
2017,RAIN,0.48,0.82,0.21,1.77
2017,RAIN,0.45,0.61,0.26,1.21
2017,RAIN,0.43,0.82,0.41,1.44
2017,RAIN,0.41,0.25,0.17,1.09
2017,RAIN,0.38,0.65,0.24,1.04
2017,RAIN,0.36,0.49,0.26,1.9
2017,RAIN,0.35,0.39,0.27,1.55
2017,RAIN,0.35,1.59,,
2017,RAIN,0.25,0.4,0.11,1.26
2017,RAIN,0.24,1.04,0.16,2.49
2017,RAIN,0.24,0.42,0.08,0.88
2017,RAIN,0.23,0.63,0.15,0.71
2017,RAIN,0.23,0.75,,
2017,RAIN,0.22,0.47,0.21,0.71
2017,RAIN,0.21,0.3,0.11,0.7
2017,RAIN,0.16,0.21,0.11,0.66
2017,RAIN,0.12,0.16,0.1,0.65
2017,RAIN,0.12,0.47,0.07,0.72
2017,RAIN,0.11,0.19,0.01,0.63
2017,RAIN,0.1,0.09,0.08,0.41
2017,RAIN,0.1,0.15,0.07,0.79
2017,RAIN,0.09,0.11,0.03,0.77
2017,RAIN,0.08,0.09,0.03,0.36
2017,RAIN,0.08,0.07,0,0.47
2017,RAIN,0.06,0.06,0,0.52
2017,RAIN,,,0.16,
2017,RAIN,,,,
2017,RAIN,,,,
2016,CLOUD,8.07,4.37,2.89,
2016,CLOUD,7.83,8.3,4.31,4.27
2016,CLOUD,4.53,5.26,,
2016,CLOUD,4.35,3.33,1.83,3.3
2016,CLOUD,4.13,5.38,,
2016,CLOUD,4.1,5.1,2.52,
2016,CLOUD,4.05,3.23,1.88,7.92
2016,CLOUD,3.81,4.29,2.26,3.62
2016,CLOUD,3.68,5.72,,
2016,CLOUD,3.48,5.03,2.35,2.56
2016,CLOUD,3.43,,0.8,9.69
2016,CLOUD,3.43,1.43,0.7,9.66
2016,CLOUD,3.2,7.51,3.12,10.03
2016,CLOUD,3.13,,,
2016,CLOUD,2.89,3.74,2.53,2.45
2016,CLOUD,2.68,,1.96,8.99
2016,CLOUD,2.62,,,
2016,CLOUD,2.6,2.89,1.6,2.59
2016,CLOUD,2.56,2.07,1.48,2.75
2016,CLOUD,2.54,7.05,3.8,
2016,CLOUD,2.41,,0.71,11.67
2016,CLOUD,2.39,2.33,0.68,9.04
2016,CLOUD,2.36,2.58,1.45,4.09
2016,CLOUD,2.34,2.11,0.96,2.65
2016,CLOUD,2.27,2.66,0.82,4.44
2016,CLOUD,2.26,1.6,0.57,3.09
2016,CLOUD,2.21,2.38,1.22,1.98
2016,CLOUD,2.07,1.82,0.75,4
2016,CLOUD,1.77,0.57,0.39,1.88
2016,CLOUD,1.6,0.75,0.43,2.89
2016,CLOUD,1.57,2.9,0.82,2.49
2016,CLOUD,1.55,2.54,,
2016,CLOUD,1.54,1.1,0.84,3.62
2016,CLOUD,1.45,1.65,0.53,3.11
2016,CLOUD,1.45,0.9,0.53,3.78
2016,CLOUD,1.41,,0.89,6.57
2016,CLOUD,1.27,1.22,0.47,1.51
2016,CLOUD,1.21,1.14,0.16,3.33
2016,CLOUD,1.16,3.44,0.91,4.37
2016,CLOUD,1.04,1.3,0.6,1.51
2016,CLOUD,1.02,0.9,0.39,3.07
2016,CLOUD,0.98,1.01,0.31,1.17
2016,CLOUD,0.96,1.02,0.21,2.57
2016,CLOUD,0.92,0.63,0.33,3.05
2016,CLOUD,0.91,0.73,0.47,1.62
2016,CLOUD,0.84,0.85,0.44,1.59
2016,CLOUD,0.83,1.96,0.74,1.7
2016,CLOUD,0.83,0.59,0.6,2.52
2016,CLOUD,0.83,0.27,0.42,1.64
2016,CLOUD,0.83,0.71,0.22,2.43
2016,CLOUD,0.82,0.86,0.45,1.47
2016,CLOUD,0.79,0.18,0.4,1.06
2016,CLOUD,0.74,1.21,0.88,3.61
2016,CLOUD,0.69,0.74,0.37,1.17
2016,CLOUD,0.68,0.43,0.13,1.73
2016,CLOUD,0.67,0.72,0.36,1.19
2016,CLOUD,0.57,0.12,0.18,0.76
2016,CLOUD,0.52,0.34,0.19,1.08
2016,CLOUD,0.49,0.51,0.2,0.87
2016,CLOUD,0.43,0.33,0.15,1.18
2016,CLOUD,0.42,,,
2016,CLOUD,0.4,,,
2016,CLOUD,0.34,0.29,0.2,1.16
2016,CLOUD,0.34,0.26,0.14,0.89
2016,CLOUD,0.34,0.39,0.03,1.3
2016,CLOUD,0.29,0.49,0.05,1.02
2016,CLOUD,0.26,0.15,0.08,0.61
2016,CLOUD,0.14,0.08,0.07,0.5
2016,CLOUD,0.1,0.08,0.02,0.58
2016,RAIN,1.84,2.15,,
2016,RAIN,1.78,1.91,0.97,
2016,RAIN,1.54,0.54,0.42,2.59
2016,RAIN,1.05,1.64,0.46,1.92
2016,RAIN,0.71,,0.42,
2016,RAIN,0.66,,,
2016,RAIN,0.66,1.1,0.33,2.24
2016,RAIN,0.65,1.4,0.4,1.9
2016,RAIN,0.63,0.92,0.15,1.27
2016,RAIN,0.61,1.42,0.81,3.29
2016,RAIN,0.6,0.57,0.15,3.7
2016,RAIN,0.57,0.52,0.21,1.21
2016,RAIN,0.54,0.61,0.25,1.18
2016,RAIN,0.54,1,0.17,1.01
2016,RAIN,0.48,0.41,0.14,
2016,RAIN,0.43,0.58,0.23,1.18
2016,RAIN,0.42,,,
2016,RAIN,0.4,0.64,0.24,1.21
2016,RAIN,0.38,,0.06,1.37
2016,RAIN,0.38,0.7,0.1,0.72
2016,RAIN,0.37,0.43,0.24,0.75
2016,RAIN,0.31,0.47,0.24,1.3
2016,RAIN,0.31,0.34,0.16,0.8
2016,RAIN,0.29,0.42,0.16,0.78
2016,RAIN,0.29,0.55,0.11,1
2016,RAIN,0.28,0.89,0.12,0.87
2016,RAIN,0.27,0.44,0.12,0.68
2016,RAIN,0.24,0.27,0.06,0.43
2016,RAIN,0.22,0.51,0.04,1.04
2016,RAIN,0.2,0.37,0.08,0.4
2016,RAIN,0.2,0.3,0.08,0.83
2016,RAIN,0.2,0.26,0.07,0.39
2016,RAIN,0.15,,0,0.71
2016,RAIN,0.14,0.06,0.1,0.59
2016,RAIN,0.13,0.1,0.13,0.94
2016,RAIN,0.11,0.18,0.06,0.67
2016,RAIN,0.09,0.11,0.02,0.34
2016,RAIN,0.08,0.07,0.02,0.32
2016,RAIN,0.08,0.02,0,0.89
2015,CLOUD,11.45,15.31,9.12,49.31
2015,CLOUD,9.36,5.76,2.39,7.1
2015,CLOUD,9,6.26,2.83,6.41
2015,CLOUD,8.89,18.33,2.57,21.94
2015,CLOUD,7.82,5.76,2.27,5.15
2015,CLOUD,7.77,6.82,4.33,11.79
2015,CLOUD,7.55,12.77,2.33,15.32
2015,CLOUD,7.15,6.3,2.58,14.1
2015,CLOUD,7.12,12.07,2.16,10.99
2015,CLOUD,6.89,5.51,2.69,24.68
2015,CLOUD,5.5,11.92,2.9,25.23
2015,CLOUD,5.18,3.19,2.31,
2015,CLOUD,5.06,3.81,1.68,4.46
2015,CLOUD,4.17,6.65,1.13,12.96
2015,CLOUD,4.13,2.3,0.98,5.87
2015,CLOUD,3.95,2.74,1.52,3.82
2015,CLOUD,3.59,3.23,2.09,4.01
2015,CLOUD,3.57,3.28,1.61,6.05
2015,CLOUD,3.48,2.5,0.96,2.5
2015,CLOUD,3.368342134,0.89,1.54,5.52
2015,CLOUD,3.19,2.77,1.63,4.59
2015,CLOUD,3.19,4.01,0.96,
2015,CLOUD,3.13,5.9,1.36,4.79
2015,CLOUD,2.9,2.34,1.81,5.37
2015,CLOUD,2.9,2.05,1.19,2.29
2015,CLOUD,2.87,2.38,0.94,3.21
2015,CLOUD,2.8,3.76,0.61,4.41
2015,CLOUD,2.72,4.8,0.9,7.47
2015,CLOUD,2.69,8.71,1.53,9.65
2015,CLOUD,2.43,2.11,0.82,2.15
2015,CLOUD,2.28,3.54,1.36,4.21
2015,CLOUD,2.25,5.95,0.89,5.72
2015,CLOUD,2.11,2.78,0.74,2.26
2015,CLOUD,2.05,1.28,0.53,2.94
2015,CLOUD,1.92,1.05,0.81,3.16
2015,CLOUD,1.81,1.25,0.81,
2015,CLOUD,1.81,2.1,0.41,2.48
2015,CLOUD,1.78,1.76,0.44,3.03
2015,CLOUD,1.74,3.28,0.57,3.03
2015,CLOUD,1.69,1.26,0.55,2.14
2015,CLOUD,1.664739,,0.72,1.83
2015,CLOUD,1.47,1.4,0.54,2.59
2015,CLOUD,1.32,0.67,0.4,2.86
2015,CLOUD,1.21,1.45,0.32,
2015,CLOUD,1.18,1.77,0.53,2.69
2015,CLOUD,1.16,2.18,0.65,4.96
2015,CLOUD,1.04,1.87,0.3,2.66
2015,CLOUD,1.010232,0.9,0.25,1.31
2015,CLOUD,0.92,0.66,0.26,1.88
2015,CLOUD,0.81,1.18,0.25,2.71
2015,CLOUD,0.79,1.18,0.19,1.96
2015,CLOUD,0.75,0.95,0.31,2.52
2015,CLOUD,0.75,0.65,0.22,4.42
2015,CLOUD,0.74,1.72,0.34,1.66
2015,CLOUD,0.72,0,0.29,2.67
2015,CLOUD,0.72,0.67,0.24,1.85
2015,CLOUD,0.66,0.43,0.22,1.2
2015,CLOUD,0.65,0.65,0.1,0.84
2015,CLOUD,0.63,0.97,0.36,1.4
2015,CLOUD,0.6,0.94,0.29,2.83
2015,CLOUD,0.59,0.41,0.23,1.64
2015,CLOUD,0.58,0.92,0.16,1.41
2015,CLOUD,0.5,0.51,0.26,
2015,CLOUD,0.45,0.42,0.12,0.83
2015,CLOUD,0.39,0.34,0.1,1
2015,CLOUD,0.38,0.44,0.2,1.52
2015,CLOUD,0.34,0.46,0.07,1.05
2015,CLOUD,0.32,0.25,0.05,0.77
2015,CLOUD,0.29,0.2,0.05,1.12
2015,CLOUD,0.26,0.34,0.04,0.95
2015,CLOUD,0.23,0.7,0.2,
2015,CLOUD,0.21,0.47,0.22,0.83
2015,CLOUD,0.17,0.3,0.02,0.97
2015,CLOUD,0.16,0.16,0.05,0.6
2015,CLOUD,0.15,0.14,0.17,1.27
2015,CLOUD,0.13,0.09,0.06,1.29
2015,CLOUD,0.13,0.05,0,0.35
2015,CLOUD,0.12,0.1,0.02,0.42
2015,CLOUD,0.09,1.64,0.53,1.5
2015,CLOUD,0.09,0.16,0.01,0.42
2015,CLOUD,0.08,0.05,0.01,0.39
2015,CLOUD,0,0.42,0.18,1.41
2015,CLOUD,0,0.21,0,0.88
2015,RAIN,1.39,1.01,0.65,2.58
2015,RAIN,1.39,1.49,0.36,3.08
2015,RAIN,1.11,3.17,0.35,3.25
2015,RAIN,1.11,0.55,0.18,1.27
2015,RAIN,0.991803,,,
2015,RAIN,0.98,0.61,0.32,1.56
2015,RAIN,0.98,1.09,0.18,2.43
2015,RAIN,0.9,1.31,0.31,3.28
2015,RAIN,0.79,0.83,0.25,0.81
2015,RAIN,0.7,0.43,0.2,1.26
2015,RAIN,0.69,2.03,,
2015,RAIN,0.61,0.78,0.18,1.4
2015,RAIN,0.59,1.17,0.29,1.36
2015,RAIN,0.52356,,0.12,
2015,RAIN,0.51,0.37,0.23,2.15
2015,RAIN,0.49,0.73,0.21,
2015,RAIN,0.45,0.45,0.12,1.05
2015,RAIN,0.39,0.23,0.13,1.26
2015,RAIN,0.38,0.39,0.16,
2015,RAIN,0.38,0.26,0.13,1.33
2015,RAIN,0.327894,,0.13,2.84
2015,RAIN,0.32,0.29,0.15,
2015,RAIN,0.32,0.26,0.1,1.66
2015,RAIN,0.31,0.61,0.13,0.61
2015,RAIN,0.3,0.21,0.07,1.05
2015,RAIN,0.27,0.26,0.09,0.48
2015,RAIN,0.27,0.18,0,0.47
2015,RAIN,0.26,0.2,0.13,0.48
2015,RAIN,0.26,0.33,0.12,1.25
2015,RAIN,0.26,0.31,0.11,0.8
2015,RAIN,0.24,0.32,0.07,0.64
2015,RAIN,0.22,0.29,0.14,1.19
2015,RAIN,0.22,0.26,0.09,1.28
2015,RAIN,0.22,0.32,0.05,0.88
2015,RAIN,0.2,0.35,0.06,0.82
2015,RAIN,0.17,0.15,0.04,0.85
2015,RAIN,0.15,0.28,0.11,0.86
2015,RAIN,0.14,0.27,0.04,0.61
2015,RAIN,0.14,0.12,0.02,0.35
2015,RAIN,0.09,0.3,0.07,0.76
2015,RAIN,0.08,0.23,0.09,0.54
2015,RAIN,0.074841,0.11,0.03,0.42
2015,RAIN,0.07,0.11,0.02,0.37
2015,RAIN,0.06,0.03,0,0.22
2015,RAIN,0,0.55,0.19,0.81
2015,RAIN,0,0.17,0.08,1.05
2014,CLOUD,6.62,3.29,2.43,4.79
2014,CLOUD,5.75,4.94,2.37,10.67
2014,CLOUD,5.51,6.34,2.21,12.15
2014,CLOUD,4.45,3.36,1.46,5.2
2014,CLOUD,4.17,4.2,1.85,5.88
2014,CLOUD,4.01,2.42,1.43,4.12
2014,CLOUD,2.75,1.24,0.94,3.12
2014,CLOUD,1.69,1.21,0.41,2.39
2014,CLOUD,1.55,0.93,0.28,1.42
2014,CLOUD,1.11,0.76,0.28,2.47
2014,CLOUD,0.88,0.52,0.65,2.67
2014,CLOUD,0.86,0.37,0.54,2.71
2014,CLOUD,0.75,0.65,0.11,1.59
2014,CLOUD,0.71,0.33,0.27,1.37
2014,CLOUD,0.56,0.32,0.27,1.88
2014,CLOUD,0.49,0.17,0.15,1.12
2014,CLOUD,0.25,0.06,0,0.44
2014,CLOUD,0.24,0.15,0.02,0.69
2014,CLOUD,0.24,0.08,0.01,0.38
2014,CLOUD,0.11,0.07,0.02,0.43
2014,RAIN,1.53,0.73,0.32,1.62
2014,RAIN,1.47,0.77,0.52,3.07
2014,RAIN,1.39,0.78,0.26,1.15
2014,RAIN,1.38,0.5,0.31,1.15
2014,RAIN,1.23,0.78,0.32,1.46
2014,RAIN,1.07,0.47,0.23,1.07
2014,RAIN,1,0.56,0.35,2.37
2014,RAIN,0.98,0.39,0.16,2.37
2014,RAIN,0.72,0.61,0.19,1.45
2014,RAIN,0.49,0.52,0.07,1.15
2014,RAIN,0.46,0.42,0.19,0.91
2014,RAIN,0.45,0.51,0.09,1.05
2014,RAIN,0.42,0.51,0.14,0.65
2014,RAIN,0.4,0.28,0.08,0.69
2014,RAIN,0.38,0.38,0.06,0.94
2014,RAIN,0.35,0.18,0.22,1.62
2014,RAIN,0.33,0.31,0.1,0.74
2014,RAIN,0.29,0.54,0.09,0.56
2014,RAIN,0.21,0.2,0.07,0.74
2014,RAIN,0.21,0.06,0.03,0.42
2014,RAIN,0.14,0.24,0.03,0.35
2014,RAIN,0.14,0.06,0.01,0.3
2014,RAIN,0.11,0.06,0.02,0.31
2014,RAIN,0.1,0.05,0.01,0.39
2014,RAIN,0.1,0.03,0.01,0.34
2014,RAIN,0.04,0.02,0,0.19
2013,CLOUD,8.99,7.14,3.46,6.61
2013,CLOUD,8.23,2.82,1.91,3.12
2013,CLOUD,7.58,4.32,2.26,6.72
2013,CLOUD,7.49,5,2.32,9.58
2013,CLOUD,4.8,1.53,1.01,1.83
2013,CLOUD,4.09,1.71,0.93,1.8
2013,CLOUD,3.31,2.61,1.03,1.71
2013,CLOUD,2.48,2.24,,3.5
2013,CLOUD,2.4,1.7,0.51,2.33
2013,CLOUD,2.12,0.52,0.97,1.76
2013,CLOUD,2.08,0.62,0.56,1.97
2013,CLOUD,1.97,1.42,0.85,4.64
2013,CLOUD,1.92,1.91,0.59,2.42
2013,CLOUD,1.79,3.13,0.5,3.48
2013,CLOUD,1.72,1.39,0.45,1.31
2013,CLOUD,1.55,1.11,0.74,2.72
2013,CLOUD,1.5,1.23,0.61,2.99
2013,CLOUD,1.5,1.82,0.59,2.26
2013,CLOUD,1.35,1.02,0.39,1.62
2013,CLOUD,1.28,0.86,0.44,1.43
2013,CLOUD,1.22,1.12,0.11,0.9
2013,CLOUD,1.11,0.87,0.23,7.38
2013,CLOUD,1.1,0.99,0.14,1.12
2013,CLOUD,0.86,0.59,0.18,1.14
2013,CLOUD,0.78,0.77,0.4,3.11
2013,CLOUD,0.67,0.26,0.11,0.6
2013,CLOUD,0.65,0.69,0.18,1.4
2013,CLOUD,0.58,0.57,0.11,0.96
2013,CLOUD,0.57,0.16,0.18,0.67
2013,CLOUD,0.5,0.41,0.14,0.55
2013,CLOUD,0.47,0.37,0.14,0.47
2013,CLOUD,0.27,0.17,0.07,0.3
2013,CLOUD,0.26,0.37,0.08,0.53
2013,CLOUD,,,,
2013,RAIN,6.16,3.37,2.2,3.79
2013,RAIN,2.46,1.83,0.72,1.82
2013,RAIN,2.33,1.8,0.71,1.78
2013,RAIN,1.68,1.2,0.63,1.57
2013,RAIN,1.53,1.14,0.45,1.47
2013,RAIN,1.5,0.85,0.3,1.76
2013,RAIN,1.15,1.12,0.4,1.68
2013,RAIN,1.13,0.76,0.35,1.19
2013,RAIN,1,1.44,0.31,2.65
2013,RAIN,0.91,0.96,0.34,1.11
2013,RAIN,0.66,0.59,0.15,1.04
2013,RAIN,0.66,0.88,0.08,0.63
2013,RAIN,0.49,0.6,0.14,0.87
2013,RAIN,0.46,0.6,0.13,0.58
2013,RAIN,0.45,0.26,0.15,0.89
2013,RAIN,0.45,0.64,0.11,0.98
2013,RAIN,0.42,0.48,0.11,0.98
2013,RAIN,0.39,0.8,0.16,1.34
2013,RAIN,0.39,0.43,0.14,0.45
2013,RAIN,0.36,0.53,0.12,0.85
2013,RAIN,0.36,0.54,0.09,1.15
2013,RAIN,0.32,0.16,0.07,0.66
2013,RAIN,0.3,0.17,0.05,0.68
2013,RAIN,0.28,0.18,0.11,0.99
2013,RAIN,0.27,0.16,0.05,0.44
2013,RAIN,0.19,0.16,0.03,0.36
2013,RAIN,0.18,0.21,0.02,0.38
2013,RAIN,0.17,0.27,0.01,0.33
2013,RAIN,0.13,0.06,0.03,0.47
2013,RAIN,0.12,0.05,0.01,0.51
2013,RAIN,0.12,0.12,0,0.29
2012,CLOUD,13.1,5.33,4.43,12.69
2012,CLOUD,11.06,5.3,3.76,11.18
2012,CLOUD,6.27,5.46,1.14,4.08
2012,CLOUD,6.01,5.01,1.11,3.79
2012,CLOUD,4.38,1.44,1.12,3
2012,CLOUD,3.65,2.26,0.88,3.9
2012,CLOUD,3.33,2.85,0.91,6.29
2012,CLOUD,2.81,1.69,0.24,1.6
2012,CLOUD,2.79,2.15,1.31,4.93
2012,CLOUD,2.27,1.98,0.82,3.06
2012,CLOUD,2.01,1.35,0.67,2.69
2012,CLOUD,2,1.44,0.64,2.47
2012,CLOUD,1.93,0.84,0.38,1.93
2012,CLOUD,1.9,1.06,0.73,3.45
2012,CLOUD,1.65,1,0.68,1.65
2012,CLOUD,1.01,0.5,0.11,3.76
2012,CLOUD,0.82,0.5,0.14,1.3
2012,CLOUD,0.68,0.36,0.13,1.69
2012,CLOUD,0.6,0.64,0.24,1.2
2012,CLOUD,0.52,0.54,0.27,3.18
2012,CLOUD,0.48,0.36,0.57,3.91
2012,CLOUD,0.43,0.64,0.11,1.45
2012,CLOUD,0.4,0.2,0.19,1.5
2012,CLOUD,0.25,0.14,0.1,0.88
2012,CLOUD,0.24,0.13,0.06,0.87
2012,CLOUD,0.19,0.11,0.02,0.43
2012,CLOUD,0.17,0.1,0,0.59
2012,RAIN,2.22,2.68,1.38,7.55
2012,RAIN,1.76,1.42,0.81,3.03
2012,RAIN,1.37,1.43,0.26,1.29
2012,RAIN,1.29,1.41,0.56,2.24
2012,RAIN,1.27,1.06,0.3,4.76
2012,RAIN,0.97,0.71,0.22,1.61
2012,RAIN,0.69,0.49,0.32,2.02
2012,RAIN,0.53,0.57,0.36,2.04
2012,RAIN,0.48,0.21,0.12,0.83
2012,RAIN,0.42,0.38,0.16,0.73
2012,RAIN,0.42,0.34,0.12,1.15
2012,RAIN,0.4,0.2,0.22,
2012,RAIN,0.34,0.84,0.09,2.02
2012,RAIN,0.34,0.13,0.02,1.02
2012,RAIN,0.33,0.22,0.08,0.82
2012,RAIN,0.31,0.3,0.07,0.58
2012,RAIN,0.28,0.23,0.07,0.84
2012,RAIN,0.28,0.1,0.04,0.49
2012,RAIN,0.24,0.19,0.05,0.41
2012,RAIN,0.22,0.12,0.08,0.75
2012,RAIN,0.21,0.25,0.04,0.82
2012,RAIN,0.19,0.18,0.07,0.52
2012,RAIN,0.18,0.16,0.02,0.74
2012,RAIN,0.17,0.11,0.02,0.73
2012,RAIN,0.16,0.01,0.03,0.25
2012,RAIN,0.15,0.1,0.07,0.38
2012,RAIN,0.14,0.13,0.05,0.43
2011,CLOUD,19.38,6.15,4.17,4.85
2011,CLOUD,19.38,6.15,4.17,4.85
2011,CLOUD,9.46,2.69,3.45,6.99
2011,CLOUD,9.46,2.69,3.45,6.99
2011,CLOUD,7.06,6.86,1.6,
2011,CLOUD,7.06,6.86,1.6,
2011,CLOUD,6.08,3.23,1.74,4.07
2011,CLOUD,6.08,3.23,1.74,4.07
2011,CLOUD,5.15,2.73,1.31,2.07
2011,CLOUD,5.15,2.73,1.31,2.07
2011,CLOUD,4.79,3.7,1.55,
2011,CLOUD,4.79,3.7,1.55,
2011,CLOUD,3.78,3.26,0.91,5.21
2011,CLOUD,3.78,3.26,0.91,5.21
2011,CLOUD,3.23,2.98,0.59,2.84
2011,CLOUD,3.23,2.98,0.59,2.84
2011,CLOUD,3.14,1.1,1.15,6.49
2011,CLOUD,3.14,1.1,1.15,6.49
2011,CLOUD,3.06,2.1,0.76,2.26
2011,CLOUD,3.06,2.1,0.76,2.26
2011,CLOUD,2.84,2.24,,
2011,CLOUD,2.84,2.24,,
2011,CLOUD,2.77,2.91,0.81,2.01
2011,CLOUD,2.77,2.91,0.81,2.01
2011,CLOUD,2.58,2.19,0.46,0
2011,CLOUD,2.58,2.19,0.46,0
2011,CLOUD,2.36,2.13,0.75,3.2
2011,CLOUD,2.36,2.13,0.75,3.2
2011,CLOUD,2.33,0.98,0.49,2.09
2011,CLOUD,2.33,0.98,0.49,2.09
2011,CLOUD,1.65,1.01,0.67,4.06
2011,CLOUD,1.65,1.01,0.67,4.06
2011,CLOUD,1.58,0.95,0.42,1.46
2011,CLOUD,1.58,0.95,0.42,1.46
2011,CLOUD,1.35,1.07,0.27,2.65
2011,CLOUD,1.35,1.07,0.27,2.65
2011,CLOUD,1.19,0.75,0.43,1.58
2011,CLOUD,1.19,0.75,0.43,1.58
2011,CLOUD,0.85,0.68,0.26,0.62
2011,CLOUD,0.85,0.68,0.26,0.62
2011,CLOUD,0.76,0.47,0.15,1.11
2011,CLOUD,0.76,0.47,0.15,1.11
2011,CLOUD,0.72,0.5,0.5,1.06
2011,CLOUD,0.72,0.5,0.5,1.06
2011,CLOUD,0.72,0.67,0.31,
2011,CLOUD,0.72,0.67,0.31,
2011,CLOUD,0.61,0.52,,
2011,CLOUD,0.61,0.52,,
2011,CLOUD,0.58,0.65,0.28,1.31
2011,CLOUD,0.58,0.65,0.28,1.31
2011,CLOUD,0.55,0.31,0.11,1.14
2011,CLOUD,0.55,0.31,0.11,1.14
2011,CLOUD,0.48,0.41,0.27,2.64
2011,CLOUD,0.48,0.41,0.27,2.64
2011,CLOUD,0.48,0.39,,
2011,CLOUD,0.48,0.39,,
2011,CLOUD,0.42,0.38,0.21,0.69
2011,CLOUD,0.42,0.38,0.21,0.69
2011,CLOUD,0.32,0.18,0.07,0.37
2011,CLOUD,0.32,0.18,0.07,0.37
2011,CLOUD,0.22,0.14,0.01,3.27
2011,CLOUD,0.22,0.14,0.01,3.27
2011,CLOUD,0.18,0.15,0.04,0.39
2011,CLOUD,0.18,0.15,0.04,0.39
2011,CLOUD,0.17,0.07,0.03,0.45
2011,CLOUD,0.17,0.07,0.03,0.45
2011,CLOUD,0.15,0.14,0.05,0.69
2011,CLOUD,0.15,0.14,0.05,0.69
2011,RAIN,1.31,1.44,0.57,0.96
2011,RAIN,1.31,1.44,0.57,0.96
2011,RAIN,1.15,0.99,0.43,1.17
2011,RAIN,1.15,0.99,0.43,1.17
2011,RAIN,1.08,0.8,0.24,1.22
2011,RAIN,1.08,0.8,0.24,1.22
2011,RAIN,1.03,1.49,,
2011,RAIN,1.03,1.49,,
2011,RAIN,0.98,0.8,0.43,
2011,RAIN,0.98,0.8,0.43,
2011,RAIN,0.74,0.95,0.14,1.13
2011,RAIN,0.74,0.95,0.14,1.13
2011,RAIN,0.55,0.55,,
2011,RAIN,0.55,0.55,,
2011,RAIN,0.4,0.34,0.36,0.99
2011,RAIN,0.4,0.34,0.36,0.99
2011,RAIN,0.38,0.58,0.15,1.03
2011,RAIN,0.38,0.58,0.15,1.03
2011,RAIN,0.33,0.24,0.09,0.68
2011,RAIN,0.33,0.24,0.09,0.68
2011,RAIN,0.31,0.2,0.1,0.98
2011,RAIN,0.31,0.2,0.1,0.98
2011,RAIN,0.3,0.34,,
2011,RAIN,0.3,0.34,,
2011,RAIN,0.27,0.23,0.07,1.94
2011,RAIN,0.27,0.23,0.07,1.94
2011,RAIN,0.26,0.15,0.06,0.27
2011,RAIN,0.26,0.15,0.06,0.27
2011,RAIN,0.25,0.22,0.14,0.52
2011,RAIN,0.25,0.22,0.14,0.52
2011,RAIN,0.23,0.15,0.08,0.58
2011,RAIN,0.23,0.15,0.08,0.58
2011,RAIN,0.19,0.25,0.03,0.31
2011,RAIN,0.19,0.25,0.03,0.31
2011,RAIN,0.16,0.11,0.02,0.45
2011,RAIN,0.16,0.11,0.02,0.45
2011,RAIN,0.14,0.31,0.03,0.81
2011,RAIN,0.14,0.31,0.03,0.81
2011,RAIN,0.13,0.2,0.02,0.22
2011,RAIN,0.13,0.2,0.02,0.22
2011,RAIN,0.07,0.1,0.01,0.28
2011,RAIN,0.07,0.1,0.01,0.28
2011,RAIN,0.07,0.1,0.01,0.2
2011,RAIN,0.07,0.1,0.01,0.2
2011,RAIN,,,,
2010,CLOUD,12.16,3.91,3.42,
2010,CLOUD,7.1,2.89,1.88,
2010,CLOUD,6.17,1.61,1.48,
2010,CLOUD,5.98,2.52,1.37,
2010,CLOUD,4.39,2.64,0.78,
2010,CLOUD,4.2,3.08,0.59,
2010,CLOUD,4.19,2.74,1.06,
2010,CLOUD,4.17,4.44,1.1,
2010,CLOUD,3.75,3.59,0.57,
2010,CLOUD,3.05,1.82,0.76,
2010,CLOUD,2.88,3.94,0.7,
2010,CLOUD,2.58,0.65,0.44,
2010,CLOUD,2.19,1.33,0.59,
2010,CLOUD,1.64,0.55,0.23,
2010,CLOUD,1.58,1.07,0.49,
2010,CLOUD,1.51,0.84,0.41,
2010,CLOUD,1.36,2.42,0.49,
2010,CLOUD,1.27,1.24,0.23,
2010,CLOUD,1.03,0.45,0.24,
2010,CLOUD,1,0.58,0.33,
2010,CLOUD,0.98,0.53,0.5,
2010,CLOUD,0.94,1.06,0.15,
2010,CLOUD,0.9,0.71,0.06,
2010,CLOUD,0.77,0.41,0.21,
2010,CLOUD,0.54,0.4,0.36,
2010,CLOUD,0.43,0.34,0.31,
2010,CLOUD,0.39,0.28,0.11,
2010,CLOUD,0.38,0.27,0.25,
2010,RAIN,2.35,2.47,0.58,
2010,RAIN,2.16,1.11,0.41,
2010,RAIN,2.01,1.15,1.27,
2010,RAIN,1.96,0.91,0.21,
2010,RAIN,1.95,1.71,0.42,
2010,RAIN,1.28,0.43,0.29,
2010,RAIN,1.02,0.45,0.28,
2010,RAIN,1.02,0.36,0.21,
2010,RAIN,1,0.48,0.3,
2010,RAIN,0.8,0.63,0.18,
2010,RAIN,0.79,0.67,0.14,
2010,RAIN,0.77,0.57,0.21,
2010,RAIN,0.71,0.28,0.14,
2010,RAIN,0.67,0.45,0.24,
2010,RAIN,0.56,0.21,0.33,
2010,RAIN,0.41,0.29,0.1,
2010,RAIN,0.41,0.4,0.08,
2010,RAIN,0.39,0.26,0.1,
2010,RAIN,0.38,0.23,0.04,
2010,RAIN,0.37,0.16,0.07,
2010,RAIN,0.36,0.23,0.09,
2010,RAIN,0.36,0.47,0.1,
2010,RAIN,0.35,0.4,0.09,
2010,RAIN,0.28,0.33,0.08,
2010,RAIN,0.19,0.11,0.01,
2010,RAIN,0.19,0.04,0.04,
2010,RAIN,0.16,0.07,0.03,
2010,RAIN,0.14,0.01,0.05,
2010,RAIN,0.13,0.03,0.01,
2010,RAIN,0.12,0.01,0.02,
2010,RAIN,0.11,0.02,0.01,
2009,CLOUD,4.65,1.28,1.13,1.39
2009,CLOUD,3.53,3.16,1.2,3.01
2009,CLOUD,1.63,0.5,2.78,0.82
2009,CLOUD,1.5,1.62,0.58,0.66
2009,CLOUD,0.93,0.35,0.15,1.83
2009,CLOUD,0.62,0.54,0.15,0.67
2009,CLOUD,0.22,0.15,0.12,0.45
2009,CLOUD,0.19,0.06,0.08,0.3
2009,RAIN,0.92,0.45,0.23,0.42
2009,RAIN,0.91,0.22,0.13,0.38
2009,RAIN,0.89,0.27,0.22,0.61
2009,RAIN,0.82,0.35,0.12,0.76
2009,RAIN,0.63,0.32,0.12,0.46
2009,RAIN,0.58,0.34,0.12,0.41
2009,RAIN,0.54,0.19,0.04,0.3
2009,RAIN,0.52,0.21,0.06,0.36
2009,RAIN,0.36,0.23,0.02,1.07
2009,RAIN,0.33,0.17,0.08,0.17
2009,RAIN,0.31,0.22,0.04,0.45
2009,RAIN,0.29,0.17,0.18,0.69
2009,RAIN,0.25,0.08,0.03,0.23
2009,RAIN,0.24,0.11,0.05,0.15
2009,RAIN,0.23,0.16,0.06,0.46
2009,RAIN,0.2,0.17,0.02,0.8
2009,RAIN,0.19,0,0.03,0.23
2009,RAIN,0.17,0.03,0.03,0.62
2009,RAIN,0.15,0.1,0.01,0.37
2009,RAIN,0.1,0.06,0.09,0.41
2009,RAIN,0.1,0.07,0.04,0.27
2009,RAIN,0.1,0.02,0,0.4
2009,RAIN,0.09,0.02,0.01,0.12
2009,RAIN,0.09,0.22,0,0.19
2009,RAIN,0.08,0,0,0.35
2009,RAIN,0.06,0.01,0,0.1
2009,RAIN,0.05,0.01,0.05,0.22
2009,RAIN,0.05,0.02,0.01,0.03
2009,RAIN,0.04,0.03,0.01,0.12
2009,RAIN,0.03,0.04,0,0.22
2009,RAIN,0.02,0.03,0.01,0.24
2008,CLOUD,19.88,9.73,4.33,6.160710661
2008,CLOUD,19.55,5.86,6.37,5.369896205
2008,CLOUD,17.99,2.82,2.87,1.953767923
2008,CLOUD,14.48,3.48,2.99,1.49355045
2008,CLOUD,12.35,2.54,2.6,1.633538892
2008,CLOUD,10.9,4.49,1.93,2.07656967
2008,CLOUD,10.24,3.25,2.39,2.23
2008,CLOUD,9.93,3.39,1.71,2.69566892
2008,CLOUD,9.18,2.22,2.37,1.723920563
2008,CLOUD,7.95,2.52,1.41,0.96
2008,CLOUD,7.58,1.42,1.59,1.029401471
2008,CLOUD,7.51,3.39,2.4,1.020382133
2008,CLOUD,7.46,1.41,1.58,1.15682852
2008,CLOUD,7.39,4.37,4.08,3.944959962
2008,CLOUD,6.67,5.49,1.92,3.732427513
2008,CLOUD,6.03,1.42,1.78,4.6149708
2008,CLOUD,5.17,3.41,1.05,2.095070875
2008,CLOUD,5.07,2.2,,0.509286347
2008,CLOUD,4.9,1.74,1.8,1.481972205
2008,CLOUD,4.43,1.98,,0.579706558
2008,CLOUD,3.52,1.96,,0.985692374
2008,CLOUD,3.41,1.4,1.32,3.017818472
2008,CLOUD,2.82,0.42,0.42,3.502938923
2008,CLOUD,2.76,0.55,0.65,0.42623985
2008,CLOUD,2.67,1.05,0.8,3.14
2008,CLOUD,2.52,0.72,0.4,0.31571749
2008,CLOUD,2.51,1.03,1.15,2.032629309
2008,CLOUD,2.33,0.68,0.67,0.540700034
2008,CLOUD,1.89,0.65,0.6,0.588624421
2008,CLOUD,1.85,1.19,0.95,0.558846161
2008,CLOUD,1.83,1.2,0.92,0.672143133
2008,CLOUD,1.83,1.44,0.68,1.00435684
2008,CLOUD,1.79,0.46,0.31,0.896875935
2008,CLOUD,1.74,1.4,0.67,1.245141985
2008,CLOUD,1.71,1.05,0.61,0.534651326
2008,CLOUD,1.69,0.77,0.38,0.844763981
2008,CLOUD,1.65,0.81,0.38,0.804284159
2008,CLOUD,1.6,0.78,0.39,0.829176923
2008,CLOUD,1.6,0.72,0.3,2.590979727
2008,CLOUD,1.45,0.44,0.66,0.999105748
2008,CLOUD,1.4,0.52,0.29,1.138126365
2008,CLOUD,1.23,1.06,0.85,1.190703604
2008,CLOUD,1.11,0.48,0.27,1.27189589
2008,CLOUD,0.93,0.59,0.66,0.574665862
2008,CLOUD,0.82,0.24,0.2,0.830572779
2008,CLOUD,0.8,0.38,0.21,1.220249221
2008,CLOUD,0.8,0.34,0.11,0.774273257
2008,CLOUD,0.76,0.31,0.12,0.682844695
2008,CLOUD,0.75,0.33,0.12,0.729256904
2008,CLOUD,0.2,0.1,0.03,0.76
2008,RAIN,4.15,1.36,0.5,0.840576413
2008,RAIN,3.95,1.43,0.47,0.83243392
2008,RAIN,2.72,1.02,0.36,0.517319448
2008,RAIN,2.03,1.83,0.54,2.287020877
2008,RAIN,1.91,0.55,0.73,1.333977557
2008,RAIN,1.29,0.65,0.29,0.594623155
2008,RAIN,1.26,0.47,0.19,0.649809438
2008,RAIN,1.26,0.35,0.17,0.299760201
2008,RAIN,1.08,0.86,0.39,0.81964406
2008,RAIN,0.91,0.4,0.32,1.108956652
2008,RAIN,0.74,0.61,0.13,0.958403097
2008,RAIN,0.69,0.53,0.2,0.50257966
2008,RAIN,0.58,0.16,0.3,0.59816277
2008,RAIN,0.52,0.16,,
2008,RAIN,0.43,0.48,0.28,0.888500799
2008,RAIN,0.38,0.23,0.2,0.248733506
2008,RAIN,0.29,0.32,0.16,0.583753697
2008,RAIN,0.24,0.14,0.17,1.21
2008,RAIN,0.24,0.12,0.03,0.771714188
2008,RAIN,0.21,0.23,0.03,0.365520117
2008,RAIN,0.19,0.21,0.05,0.321550656
2008,RAIN,0.19,0.21,0.04,0.28153612
2008,RAIN,0.19,0.21,0.03,0.294098823
2008,RAIN,0.11,0.06,0.03,0.293633538
2007,CLOUD,22.8,10.49,8.7,8.12
2007,CLOUD,20.59,4.82,3.79,3.44
2007,CLOUD,15.81,4.72,5.35,5.11
2007,CLOUD,14.49,3.49,5.02,6.33
2007,CLOUD,13.91,6.01,5.26,6.4
2007,CLOUD,13.31,3.82,5.51,5.36
2007,CLOUD,11.69,2.97,3.84,3.42
2007,CLOUD,11.68,4.6,3.98,3.63
2007,CLOUD,9.53,2.72,3.25,3.46
2007,CLOUD,8.84,2.96,1.43,4.28
2007,CLOUD,7.76,3.39,2.56,2.16
2007,CLOUD,7.09,2.85,1.75,6.3
2007,CLOUD,7,2.63,2.33,1.79
2007,CLOUD,6.66,1.76,0.87,1.73
2007,CLOUD,6.17,3.02,1.79,3.05
2007,CLOUD,6.16,2.46,4.05,5.34
2007,CLOUD,5.36,1.68,1.15,2.46
2007,CLOUD,5.29,1.81,2.13,1.92
2007,CLOUD,4.64,1.65,1.86,3.38
2007,CLOUD,4.4,1.62,1.82,3.37
2007,CLOUD,4.38,1.66,1.88,3.58
2007,CLOUD,4.05,1.45,2.07,3.71
2007,CLOUD,3.88,1.46,2.1,3.73
2007,CLOUD,3.87,2.34,1.16,2.51
2007,CLOUD,3.27,1.25,1,2.2
2007,CLOUD,3.24,1.7,1.37,7.61
2007,CLOUD,3.14,2.09,2.04,2.86
2007,CLOUD,3.03,1.62,1.5,1.56
2007,CLOUD,2.95,0.84,0.48,1.8
2007,CLOUD,2.85,0.92,0.59,1.65
2007,CLOUD,2.79,0.38,0.56,1.44
2007,CLOUD,2.11,0.74,0.85,5.3
2007,CLOUD,1.96,0.62,0.78,1.77
2007,CLOUD,1.51,0.32,0.77,1.79
2007,CLOUD,1.23,0.3,0.27,0.86
2007,CLOUD,1.19,0.39,0.38,0.7
2007,CLOUD,1.02,0.58,0.85,1.45
2007,CLOUD,0.88,0.17,0.18,1.56
2007,CLOUD,0.55,0.36,0.66,0.81
2007,CLOUD,0.47,0.24,0.87,1.15
2007,CLOUD,0.44,0,0,0.81
2007,CLOUD,0.42,0.12,0.3,0.94
2007,CLOUD,0.22,0,0.05,0.29
2007,RAIN,5.1,1.52,0.81,2.49
2007,RAIN,3.78,1.03,0.63,1.92
2007,RAIN,2.75,1.45,0.71,1.44
2007,RAIN,2.39,0.86,0.6,1.02
2007,RAIN,1.64,0.73,0.19,1.57
2007,RAIN,1.25,0.25,0.2,1.04
2007,RAIN,0.95,0.31,0.66,1.59
2007,RAIN,0.93,0.38,0.23,0.51
2007,RAIN,0.91,0.3,0.2,0.87
2007,RAIN,0.9,0.22,0.19,0.82
2007,RAIN,0.85,0.23,0.33,1.9
2007,RAIN,0.71,0.18,0.11,0.53
2007,RAIN,0.63,0.19,0.14,0.5
2007,RAIN,0.59,0.34,0.33,1.5
2007,RAIN,0.54,0.09,0.16,1.8
2007,RAIN,0.44,0.32,0.1,0.38
2007,RAIN,0.42,0.15,0.12,1.09
2007,RAIN,0.35,0.22,0.3,0.71
2007,RAIN,0.35,0.06,0.16,0.38
2007,RAIN,0.17,0,0.05,0.34
2006,CLOUD,38.01,7.91,9.52,8.42
2006,CLOUD,35.19,6.81,5.92,9.73
2006,CLOUD,28.47,6.21,6.6,6.07
2006,CLOUD,25.55,5.32,4.57,7.38
2006,CLOUD,23.54,4.98,5.85,4.76
2006,CLOUD,9.2,3.03,2.04,1.5
2006,CLOUD,9.13,3.4,4.03,5.81
2006,CLOUD,8.63,1.98,2.35,2.98
2006,CLOUD,6.31,2.24,1.8,2.41
2006,CLOUD,4.66,0.4,0.85,1.74
2006,CLOUD,3.94,1.04,0.9,1.37
2006,CLOUD,3.8,0.83,0.72,0.59
2006,CLOUD,2.74,0.59,0.57,0.74
2006,CLOUD,2.35,1.01,0.61,2.36
2006,CLOUD,2.14,1.38,1.7,2.65
2006,CLOUD,2.05,0.52,0.48,0.97
2006,CLOUD,2.01,0.24,0.5,2.57
2006,CLOUD,1.72,0.74,0.15,1.51
2006,CLOUD,1.54,0.33,0.03,0.69
2006,CLOUD,1.51,0,0.62,3.09
2006,CLOUD,1.31,0.15,0.13,1.44
2006,CLOUD,0.87,0.11,0.19,1.12
2006,CLOUD,0.7,0.06,0.09,0.79
2006,CLOUD,0.61,0.25,0.01,0.89
2006,CLOUD,0.57,0.05,0.2,0.63
2006,CLOUD,0.52,0,0.05,0.77
2006,CLOUD,0.5,0,0.11,0.62
2006,CLOUD,0.46,0,0.03,0.71
2006,CLOUD,0.33,0,0.15,0.56
2006,CLOUD,0.29,0,0.11,0.54
2006,CLOUD,0.15,0,0.04,0.26
2006,CLOUD,0,0,0,0.61
2006,RAIN,6.3,0.65,0.88,1.58
2006,RAIN,4,0.88,0.37,0.65
2006,RAIN,2.57,0.72,0.38,0.63
2006,RAIN,2,0,0.1,0.49
2006,RAIN,1.94,0.42,0.38,0.71
2006,RAIN,1.15,0.65,0.11,0.37
2006,RAIN,0.84,0.11,0.18,1.04
2006,RAIN,0.71,0,0.17,0.62
2006,RAIN,0.36,0.36,0.14,0.78
2006,RAIN,0.06,0,0.01,0.21
2006,RAIN,0,0,0.04,0.56
2006,RAIN,0,0,0.03,0.29
2006,RAIN,0,0,0.01,0.17
2005,CLOUD,45.35,0,9.2,6.61
2005,CLOUD,43.11,10.56,7.69,5.25
2005,CLOUD,31.24,5.79,8.38,5.12
2005,CLOUD,26.72,9.64,4.31,3.35
2005,CLOUD,21.58,0,6.54,3.91
2005,CLOUD,20.37,0,5.04,3.95
2005,CLOUD,19.54,5.29,4.9,2.66
2005,CLOUD,14.6,2.45,1.97,1.18
2005,CLOUD,14.33,0,4.21,1.97
2005,CLOUD,14.08,6.27,1.94,3.53
2005,CLOUD,12.92,0,6.45,3.27
2005,CLOUD,12.64,0,4.97,23.98
2005,CLOUD,12.35,0,4.03,2.82
2005,CLOUD,12.29,0,1.61,1.89
2005,CLOUD,12.03,0,4.14,3.24
2005,CLOUD,12.02,0,4.2,1.89
2005,CLOUD,11.45,0,3.52,2.42
2005,CLOUD,10.46,0,1.48,1.75
2005,CLOUD,9.44,4.15,2.58,2.05
2005,CLOUD,8.92,3.98,2.59,1.72
2005,CLOUD,8.46,1.06,1.81,0.83
2005,CLOUD,7.95,0,1.22,0.89
2005,CLOUD,6.97,2.31,2.1,2.83
2005,CLOUD,6.95,3.16,1.74,0.83
2005,CLOUD,6.77,0,1.5,2.58
2005,CLOUD,6.11,0,1.33,1.26
2005,CLOUD,5.63,1.43,1.37,2.07
2005,CLOUD,5.62,3.09,0.52,1.03
2005,CLOUD,5.58,0,0.47,0.93
2005,CLOUD,5.4,1.31,1.42,0.91
2005,CLOUD,5.12,1.24,1.38,2.03
2005,CLOUD,5.1,1.21,1.42,0.89
2005,CLOUD,4.6,0.76,0.57,0.99
2005,CLOUD,4.46,2.28,1.86,1.67
2005,CLOUD,4.36,1.19,0.88,2.24
2005,CLOUD,4.14,2.12,1.84,1.87
2005,CLOUD,3.28,1.11,0.62,1
2005,CLOUD,3.06,0,0.55,0.87
2005,CLOUD,2.59,0.76,0.15,0.57
2005,CLOUD,2.55,1.41,0.19,1.06
2005,CLOUD,2.47,0.63,0.86,1.07
2005,CLOUD,2.39,1.33,1.18,1.28
2005,CLOUD,2.23,1.75,0.98,1.74
2005,CLOUD,2.03,0,0.15,0.7
2005,CLOUD,2.01,1.04,0.33,0.99
2005,CLOUD,1.87,0.7,0.42,1.01
2005,CLOUD,1.56,0.51,0.38,0.82
2005,CLOUD,1.19,0,0.48,1.09
2005,CLOUD,0.57,0,0.16,0.48
2005,RAIN,10.07,0,2.65,2.49
2005,RAIN,8.85,0,2.02,1.36
2005,RAIN,8.22,0,1.02,2.33
2005,RAIN,5.95,0,0.65,0.73
2005,RAIN,5.62,1.75,1.13,2.63
2005,RAIN,5.02,0,0.9,0.9
2005,RAIN,4.8,1.12,0.71,0.62
2005,RAIN,4.42,0.67,0.65,0.56
2005,RAIN,4.25,1.83,1.7,
2005,RAIN,4.13,0.66,0.62,0.58
2005,RAIN,3.84,0,0.42,0.64
2005,RAIN,3.37,0.99,0.24,1.23
2005,RAIN,2.81,0,0.71,1.36
2005,RAIN,2.81,0,0.68,0.95
2005,RAIN,2.65,0,0.33,1.07
2005,RAIN,2.47,0.88,0.42,0.47
2005,RAIN,2.4,0.83,0.47,0.56
2005,RAIN,2.31,0.6,0.63,1.19
2005,RAIN,1.87,0,0.68,0.8
2005,RAIN,1.82,0.6,0.53,1.05
2005,RAIN,1.49,0.54,0.3,0.32
2005,RAIN,1.44,0.36,0.46,0.78
2005,RAIN,1.26,0,0.14,0.38
2005,RAIN,1.2,0.84,0.16,0.34
2005,RAIN,1.15,0.8,0.17,0.28
2005,RAIN,1.12,0,0.26,0.93
2005,RAIN,1.09,0.35,0.55,0.71
2005,RAIN,1.04,0.72,0.16,0.29
2005,RAIN,0.98,0,0.13,0.28
2005,RAIN,0.92,0,0.19,0.16
2005,RAIN,0.88,0,0.1,0.41
2005,RAIN,0.82,0.44,0.15,0.26
2005,RAIN,0.76,0,0.39,0.42
2005,RAIN,0.76,0.3,0.05,0.91
2005,RAIN,0.75,0.44,0.18,0.23
2005,RAIN,0.56,0,0.36,0.95
2005,RAIN,0.43,0,0.22,0.5
2005,RAIN,0.43,0,0.14,0.21
2005,RAIN,0.43,0,0.09,0.3
2005,RAIN,0.27,0.08,0.11,0.51
2005,RAIN,0.25,0,0.05,0.59
2005,RAIN,0.2,0,0.08,0.4
2005,RAIN,0,0,0.08,0.34
2005,RAIN,0,0,0.07,0.19
2005,RAIN,0,0,0.03,0.61
2005,RAIN,0,0,0.03,0.32
2005,RAIN,0,0,0.02,0.19
2005,RAIN,0,0,0.01,0.11
2005,RAIN,0,0,0,0.34
2005,RAIN,0,0,0,0.1
2004,CLOUD,49.445,27.264,13.5,9.73
2004,CLOUD,20.79,4.45,2.88,1.61
2004,CLOUD,20.08,8.46,3.98,3.06
2004,CLOUD,18.23,5.34,1.94,1.51
2004,CLOUD,13.193,4.601,4.01,2.7
2004,CLOUD,12.62,5.13,2.67,1.37
2004,CLOUD,11.392,6.92,2.99,3.92
2004,CLOUD,8.737,9.439,7.2,23.23
2004,CLOUD,8.72,2.39,0.93,0.9
2004,CLOUD,8.578,3.308,1.88,1.139
2004,CLOUD,7.714,2.446,1.47,1.32
2004,CLOUD,7.117,6.856,1.21,3.23
2004,CLOUD,7.014,24.297,5.07,14.94
2004,CLOUD,5.975,3.193,1.05,3.62
2004,CLOUD,5.878,3.75,1.4933,2.77
2004,CLOUD,5.86,1.999,0.664,0.9843
2004,CLOUD,5.386,2.979,1.15,1.75
2004,CLOUD,5.256,2.548,2.13,1.279
2004,CLOUD,5,0.89,0.84,0.88
2004,CLOUD,4.6,2.39,1.37,0.8
2004,CLOUD,4.379,4.044,1.61,9.02
2004,CLOUD,4.303,3.104,0.008,2.29
2004,CLOUD,3.998,3.759,1.51,2.83
2004,CLOUD,3.893,1.732,1.81,1.82
2004,CLOUD,3.786,2.044,1.19,2.44
2004,CLOUD,3.58,1.06,0.43,0.66
2004,CLOUD,3.201,2.287,1.62,4.62
2004,CLOUD,3.094,1.964,1.53,1.76
2004,CLOUD,2.941,3.644,1.13,4.83
2004,CLOUD,2.828,1.935,1.15,1.31
2004,CLOUD,2.827,1.494,0.54,1.036
2004,CLOUD,2.796,3.275,0.92,1.94
2004,CLOUD,2.596,1.3,1.055,2.08
2004,CLOUD,2.457,1.822,0.711,1.16
2004,CLOUD,2.363,2.546,0.541,1.14
2004,CLOUD,2.332,1.475,1.01,1.3
2004,CLOUD,2.155,1.897,0.694,1.32
2004,CLOUD,2.065,1.401,0.299,0.95
2004,CLOUD,1.749,1.1,0.129,1.01
2004,CLOUD,1.672,2.81,1.14,1.79
2004,CLOUD,1.604,1.27,0.313,0.4297
2004,CLOUD,1.58,1.44,0.04,0.64
2004,CLOUD,1.56,0.61,0.13,0.53
2004,CLOUD,1.454,1.344,1.02,2.02
2004,CLOUD,1.439,0.893,0.608,1.42
2004,CLOUD,1.434,1.027,0.977,2.14
2004,CLOUD,1.421,1.96,1.33,1.21
2004,CLOUD,1.414,0.439,0.123,0.329
2004,CLOUD,1.362,0.858,0.512,1.09
2004,CLOUD,1.321,0.625,0.0955,0.3209
2004,CLOUD,1.297,1.193,0.73,1.29
2004,CLOUD,1.12,0.28,0.27,0.72
2004,CLOUD,1.084,0.529,0.158,0.74
2004,CLOUD,1.01,0.932,0.292,1.04
2004,CLOUD,0.865,0.423,0.231,0.6
2004,CLOUD,0.793,0.811,0.138,0.2
2004,CLOUD,0.731,0.584,0.465,1.35
2004,CLOUD,0.566,4.618,3.845,3.15
2004,CLOUD,0.535,0.185,0.0119,0.3913
2004,CLOUD,0.518,0.426,0.0695,0.8221
2004,CLOUD,0.47,0.441,0.3265,0.86
2004,CLOUD,0.431,0.235,0.154,0.96
2004,CLOUD,0.42,0.33,0,0.22
2004,CLOUD,0.39,0.2,0.19,0.54
2004,CLOUD,0.276,0.288,0.179,1.05
2004,CLOUD,0.248,0.475,0.187,1.26
2004,CLOUD,0.207,0.174,0.0523,0.3781
2004,CLOUD,0.169,0.176,0.124,0.5672
2004,CLOUD,0.115,0.118,0.034,0.3045
2004,CLOUD,0.104,0.123,0.0235,0.213
2004,CLOUD,0.101,0,0.179,0.2546
2004,RAIN,6.64,1.7,0.58,0.82
2004,RAIN,5.189,1.649,1.16,0.9958
2004,RAIN,4.39,0.851,0.847,1.921
2004,RAIN,4.09,3.072,0.975,2.71
2004,RAIN,3.52,0.88,0.48,0.46
2004,RAIN,3.099,0.945,0.413,1.01
2004,RAIN,3.08,2.511,0.435,1.65
2004,RAIN,2.732,3.92,1.53,3.95
2004,RAIN,2.409,1.848,1.08,1.75
2004,RAIN,1.745,0.336,0,4.32
2004,RAIN,1.62,0.44,0.12,0.66
2004,RAIN,1.267,1.047,0,5.73
2004,RAIN,1.096,0.993,0.682,1.73
2004,RAIN,1.033,0.311,0.0933,0.3059
2004,RAIN,0.944,0.64,0.281,2.15
2004,RAIN,0.94,0.34,0.17,0.5
2004,RAIN,0.939,0.307,0.189,1.41
2004,RAIN,0.93,0.29,0.02,0.61
2004,RAIN,0.875,0.179,0.4175,0.99
2004,RAIN,0.665,0.524,0.262,1.08
2004,RAIN,0.54,0.291,0.253,1.01
2004,RAIN,0.537,0.879,0.0523,1.03
2004,RAIN,0.533,0.423,0.224,1
2004,RAIN,0.49,0.28,0.01,0.58
2004,RAIN,0.434,0.461,0.0363,0.65
2004,RAIN,0.419,0.121,0.0557,0.7505
2004,RAIN,0.412,0.444,0.343,1.02
2004,RAIN,0.399,0.329,0.165,0.08
2004,RAIN,0.285,0.257,0.0796,0.42
2004,RAIN,0.263,0.776,0.258,0.81
2004,RAIN,0.244,0.259,0.101,0.04
2004,RAIN,0.239,0.548,0.0707,1.51
2004,RAIN,0.188,0.179,0.0764,1.24
2004,RAIN,0.148,0.156,0.02,0.399
2004,RAIN,0.117,0.173,0,0.6703
2004,RAIN,0.07,0,0.01,0.36
2004,RAIN,0.07,0.079,,3.13
2004,RAIN,0.03,0,0.01,0.11
2003,CLOUD,,12.15,5.85,11.41
2003,CLOUD,,9.71,6.08,4.88
2003,CLOUD,,0,,
2003,CLOUD,,6.63,6.35,6.05
2003,CLOUD,48.67,7.24,5.76,9.51
2003,CLOUD,46.59,8.63,3.04,4.93
2003,CLOUD,10.63,2.18,2.92,3.41
2003,CLOUD,10.28,4.29,2.57,2.97
2003,CLOUD,8.49,2.75,0.69,1.64
2003,CLOUD,6.67,1.35,1.42,2.35
2003,CLOUD,6.5,1.67,0.92,1.13
2003,CLOUD,5.71,3.93,1.49,2.27
2003,CLOUD,5.51,2.1,0.56,1.52
2003,CLOUD,4.65,3.36,1.47,3.32
2003,CLOUD,4.29,3.36,1.62,2.41
2003,CLOUD,4.18,4,1.92,9.5
2003,CLOUD,4.17,2.68,0.96,1.19
2003,CLOUD,3.92,2.24,0.21,1.26
2003,CLOUD,3.81,1.39,0.48,5.06
2003,CLOUD,3.56,1.51,0.65,2.8
2003,CLOUD,3.48,1.59,0.71,2.08
2003,CLOUD,3.4,1.09,0.37,1.72
2003,CLOUD,3.35,1.64,1.31,1.79
2003,CLOUD,3.34,3.38,0.63,1.97
2003,CLOUD,3.21,1.22,0.15,0.6
2003,CLOUD,3.18,2.4,1.68,1.76
2003,CLOUD,3.1,1.86,0.55,1.1
2003,CLOUD,3.05,2.83,0.68,3.33
2003,CLOUD,2.76,1.16,1.02,2.02
2003,CLOUD,2.76,1.13,0,4.63
2003,CLOUD,2.39,1.49,1.03,2.99
2003,CLOUD,2.3,1.26,0,1.05
2003,CLOUD,1.79,2.82,,2.33
2003,CLOUD,1.66,0.49,0.33,2.2
2003,CLOUD,1.42,0.77,0.16,0.42
2003,CLOUD,1.39,0.74,0.18,0.38
2003,CLOUD,1.25,0.46,0.81,0.64
2003,CLOUD,0.85,0.71,0.19,0.93
2003,CLOUD,0.76,1.07,0.03,0.75
2003,CLOUD,0.57,0.35,0.02,0.89
2003,CLOUD,,,,
2003,RAIN,6.37,1.79,1.47,3.18
2003,RAIN,5.98,3.18,0.97,2.3
2003,RAIN,5.12,1.27,1,2.5
2003,RAIN,4.13,0.49,6.62,2.72
2003,RAIN,2.58,3.39,,6.78
2003,RAIN,2.56,1.39,0.34,4.26
2003,RAIN,2.19,1.81,0.15,1.56
2003,RAIN,1.69,2.47,0.13,2.15
2003,RAIN,1.28,0.81,0.29,4.63
2003,RAIN,1.17,0.9,0,1.14
2003,RAIN,1.06,0.61,0.06,1.81
2003,RAIN,1.01,0.76,0.2,1.8
2003,RAIN,1,1.13,0.12,1.18
2003,RAIN,0.99,0.59,0.1,0.96
2003,RAIN,0.85,0.74,0.15,0.7
2003,RAIN,0.78,1.88,0,1.23
2003,RAIN,0.75,0.59,0.16,0.62
2003,RAIN,0.74,0.44,0.14,1.03
2003,RAIN,0.65,1.12,0.02,0.66
2003,RAIN,0.32,0.65,0.05,0
2003,RAIN,0.22,0.38,0.01,0.26
2003,RAIN,0.21,0.38,0,0.4
2003,RAIN,0.17,0.23,0.1,0.86
2002,CLOUD,46.8,17.35,16,16.37
2002,CLOUD,22.92,8.67,4.2,5.64
2002,CLOUD,20.22,6.68,6.1,5.61
2002,CLOUD,18.78,7.08,4.24,5.75
2002,CLOUD,18.72,7.7,7.3,5.21
2002,CLOUD,18.48,8.72,1.59,2.33
2002,CLOUD,16.14,7.52,4.56,6.06
2002,CLOUD,10.86,4.51,2.42,2.01
2002,CLOUD,7.22,3.5,1.44,2.56
2002,CLOUD,6.89,2.61,1.89,1.75
2002,CLOUD,6.41,3.85,1.91,4.82
2002,CLOUD,4.63,4.69,1.74,9.07
2002,CLOUD,3.62,1.9,1,0.82
2002,CLOUD,3.33,1.02,0.54,1.26
2002,CLOUD,2.8,0.53,0.56,0.77
2002,CLOUD,2.66,0.75,0.54,0.71
2002,CLOUD,2.51,1.06,0.65,1.11
2002,CLOUD,1.83,0.27,0.09,0.47
2002,CLOUD,1.62,0.18,0.1,0.42
2002,CLOUD,1.4,1.2,1.13,1.99
2002,CLOUD,0.78,0.93,1.06,2.34
2002,CLOUD,0.57,0.31,0.17,0.93
2002,CLOUD,0,0.13,0.09,0.3
2002,RAIN,3.82,1.68,0.73,0.91
2002,RAIN,2.08,0.66,0.52,0.6
2002,RAIN,2.04,0.18,0.02,0.75
2002,RAIN,1.76,0.18,0.04,0.28
2002,RAIN,1.74,0.8,0.08,0.78
2002,RAIN,1.36,1.11,0.32,0.64
2002,RAIN,0.95,0.18,0.04,0.35
2002,RAIN,0.54,0.18,0.05,0.34
2002,RAIN,0.49,0.18,0.05,0.32
2002,RAIN,0.46,0.22,0.04,0.79
2002,RAIN,0.45,0.18,0.01,1.84
2002,RAIN,0.27,0.18,0.02,0.85
2002,RAIN,0.26,0.09,0.03,0.53
2002,RAIN,0.22,0.13,0.04,0.36
2001,CLOUD,44.3,16.82,11.6,7.06
2001,CLOUD,24.9,11.42,4.26,4.79
2001,CLOUD,14.2,3.85,2.84,2.74
2001,CLOUD,11.4,4.82,2.16,3.38
2001,CLOUD,11.2,4.78,1.5,2.97
2001,CLOUD,9.48,4.12,3.08,7.28
2001,CLOUD,8.08,2.04,2.1,2.16
2001,CLOUD,7.69,5.22,2.34,4.1
2001,CLOUD,7.01,2.17,1.6,2.34
2001,CLOUD,6.75,3.81,4.08,4.79
2001,CLOUD,5.85,4.51,3.42,3.63
2001,CLOUD,5.83,2.92,0.96,1.46
2001,CLOUD,4.32,1.73,1.23,2.26
2001,CLOUD,4.03,1.81,0.36,0.82
2001,CLOUD,3.88,3.14,0.62,1.62
2001,CLOUD,3.81,1.77,0.59,1.39
2001,CLOUD,3.65,2.3,0.89,2.4
2001,CLOUD,3.32,3.23,1.06,2.13
2001,CLOUD,3.03,2.35,1.02,3.18
2001,CLOUD,2.11,1.33,0.34,
2001,CLOUD,2.01,1.42,0.87,1.4
2001,CLOUD,1.94,0.66,0.4,1.11
2001,CLOUD,1.56,0.4,0.31,0.56
2001,CLOUD,1.38,0.58,0.49,1.21
2001,CLOUD,1.15,0.62,0.32,0.98
2001,CLOUD,1.09,0.58,0.31,1.07
2001,CLOUD,0.89,0.71,0.37,1.15
2001,CLOUD,0.84,0.27,0.2,0.69
2001,CLOUD,0.69,1.11,0.33,1.7
2001,CLOUD,0.66,0.18,0.04,0.32
2001,CLOUD,0.38,0.13,0.06,0.45
2001,RAIN,6.01,2.52,1.05,1.22
2001,RAIN,5.25,1.86,1.01,3.08
2001,RAIN,4.64,3.54,0.4,
2001,RAIN,3.05,1.24,0.39,1.38
2001,RAIN,2.1,1.5,0.3,0.9
2001,RAIN,2.04,1.24,0.31,0.96
2001,RAIN,1.77,0.84,0.37,0.73
2001,RAIN,1.61,1.33,0.4,1.39
2001,RAIN,1.3,0.8,0.24,1.85
2001,RAIN,1.3,0.66,0.15,0.45
2001,RAIN,1.08,0.75,0.09,0.63
2001,RAIN,1.05,0.71,0.2,2.82
2001,RAIN,0.98,0.35,0.22,
2001,RAIN,0.94,0.49,0.13,0.98
2001,RAIN,0.9,0.58,0.27,2.26
2001,RAIN,0.79,1.28,0.09,0.69
2001,RAIN,0.77,0.27,0.16,0.52
2001,RAIN,0.7,0.44,0.2,1.2
2001,RAIN,0.58,0.44,0.1,0.45
2001,RAIN,0.45,0.09,0.1,0.69
2001,RAIN,0.44,0.4,0.05,0.53
2001,RAIN,0.37,0.13,0.05,0.24
2001,RAIN,0.35,0.18,0.08,0.57
2001,RAIN,0.08,0.13,0.03,0.49
2001,RAIN,,3.98,1.05,
2000,CLOUD,31.2,17.53,8.88,5.9
2000,CLOUD,15.9,7.97,4.2,5.42
2000,CLOUD,15.72,7.21,4.08,2.75
2000,CLOUD,11.76,3.98,2.58,3.28
2000,CLOUD,11.74,2.79,1.91,2.21
2000,CLOUD,11.1,5.62,1.52,2.36
2000,CLOUD,10.86,5.49,2.02,3.5
2000,CLOUD,8.83,2.74,1.15,0.94
2000,CLOUD,7.92,7.3,1.64,1.72
2000,CLOUD,7.15,2.92,1.63,0.96
2000,CLOUD,6.38,2.57,1.53,2.66
2000,CLOUD,6.29,3.81,1.61,1.59
2000,CLOUD,5.48,2.66,0.82,0.97
2000,CLOUD,5.44,3.89,3.36,4.93
2000,CLOUD,5.24,5.36,1.92,0.7
2000,CLOUD,5.18,3.45,1.78,2.82
2000,CLOUD,4.71,3.63,0.71,1.73
2000,CLOUD,4.64,3.14,1.81,1.77
2000,CLOUD,3.69,2.17,0.84,1.5
2000,CLOUD,3.42,0.89,0.72,0.57
2000,CLOUD,3.33,1.33,0.47,0.65
2000,CLOUD,2.72,1.2,0.72,1.41
2000,CLOUD,2.45,1.06,0.35,0.95
2000,CLOUD,1.95,1.33,0.61,0.97
2000,CLOUD,1.87,0.84,0.62,1.7
2000,CLOUD,1.43,0.58,0.46,0.66
2000,CLOUD,1.24,0.49,0.45,0.61
2000,CLOUD,1.2,0.53,0.15,0.56
2000,CLOUD,0.51,0.18,0.04,0.33
2000,CLOUD,0.1,0.09,0.03,0.14
2000,CLOUD,0.1,0.13,0.01,0.17
2000,CLOUD,0,0.27,0.13,0.18
2000,CLOUD,0,0.22,0.02,0.02
2000,CLOUD,0,0.09,0.02,0.13
2000,CLOUD,0,0.04,0.02,0.15
2000,RAIN,5.18,1.81,0.64,1.23
2000,RAIN,4.84,3.1,1.36,0.81
2000,RAIN,4.53,4.51,0.7,2.35
2000,RAIN,3.65,1.64,0.81,0.74
2000,RAIN,2.83,1.24,0.31,0.6
2000,RAIN,2.62,1.42,0.54,1.23
2000,RAIN,2.54,1.77,0.61,0.79
2000,RAIN,2.43,1.06,0.6,0.5
2000,RAIN,2.26,1.37,0.32,0.94
2000,RAIN,2.16,1.28,0.19,1.4
2000,RAIN,1.52,0.35,0.3,1.16
2000,RAIN,1.31,0.71,0.33,1.37
2000,RAIN,1.22,0.71,0.19,0.53
2000,RAIN,1.15,0.49,0.15,0.62
2000,RAIN,1.06,0.8,0.23,0.55
2000,RAIN,0.79,0.13,0.01,0
2000,RAIN,0.6,0.22,0.11,0.5
2000,RAIN,0.42,0.49,0.12,0.53
2000,RAIN,0.36,0.09,0.12,0.38
2000,RAIN,0.29,0.04,0.01,0.3
2000,RAIN,0.19,0.13,0.01,0.1
1999,CLOUD,36.56,10.27,4.4,13.42
1999,CLOUD,32.28,,,
1999,CLOUD,18.44,16.55,3.68,5.18
1999,CLOUD,15.6,7.7,5.82,8.4
1999,CLOUD,13.44,8.85,2.84,4.47
1999,CLOUD,10.56,6.28,2.16,2.5
1999,CLOUD,9.68,4.12,1.94,2.24
1999,CLOUD,9.02,3.67,1.81,3.42
1999,CLOUD,8.82,2.97,1.51,1.95
1999,CLOUD,8.19,3.5,2.1,2.54
1999,CLOUD,8.07,7.35,3,4.61
1999,CLOUD,7.37,4.34,1.36,2.21
1999,CLOUD,7.16,2.7,1.57,1.81
1999,CLOUD,6.78,2.83,1.7,3.03
1999,CLOUD,5.24,1.9,1.45,2.09
1999,CLOUD,4.8,2.92,1.41,2.41
1999,CLOUD,4.46,2.43,0.71,3.18
1999,CLOUD,4.23,1.55,1.15,1.76
1999,CLOUD,4.15,3.41,0.97,1.74
1999,CLOUD,3.8,2.21,0.94,1.33
1999,CLOUD,3.65,3.94,2.82,3.12
1999,CLOUD,3.64,1.99,0.83,1.14
1999,CLOUD,3.18,3.41,1.08,2.4
1999,CLOUD,2.79,1.99,0.54,1.04
1999,CLOUD,2.61,,,
1999,CLOUD,2.38,1.15,0.33,0.65
1999,CLOUD,2.37,1.37,0.64,0.93
1999,CLOUD,2.17,2.57,1.93,2.2
1999,CLOUD,2.11,1.02,0.8,2.44
1999,CLOUD,2.02,2.39,0.89,1.38
1999,CLOUD,2.02,0.8,0.62,2.63
1999,CLOUD,1.65,,,5.16
1999,CLOUD,1.55,1.24,0.48,1.52
1999,CLOUD,1.3,0.84,0.34,1.2
1999,CLOUD,1.26,1.2,0.46,1.51
1999,CLOUD,0.95,0.44,0.22,1.03
1999,CLOUD,0.93,0.93,0.29,0.8
1999,CLOUD,0.8,0.49,0.34,0.48
1999,CLOUD,0.63,0.66,0.24,0.92
1999,CLOUD,0.62,0.84,0.14,1.05
1999,CLOUD,0.58,1.02,0.15,0.8
1999,CLOUD,0.35,0.66,0.13,0.42
1999,RAIN,8.71,6.02,0.71,1.57
1999,RAIN,5.45,2.48,0.93,2.71
1999,RAIN,5.3,3.5,1.38,2.31
1999,RAIN,5,0.62,0.24,1.04
1999,RAIN,4.9,2.7,0.74,1.05
1999,RAIN,4.81,2.12,0.88,1.92
1999,RAIN,4,1.77,1.07,1.61
1999,RAIN,3.92,2.52,0.71,1.31
1999,RAIN,3.61,1.28,0.42,0.63
1999,RAIN,3.54,2.48,0.83,1.36
1999,RAIN,3.42,1.95,0.56,2.48
1999,RAIN,2.65,1.68,0.48,1.19
1999,RAIN,2.57,1.2,0.26,0.51
1999,RAIN,2.37,1.2,0.52,0.94
1999,RAIN,2.36,1.15,0.27,0.39
1999,RAIN,2.29,0.66,0.16,1.14
1999,RAIN,2.21,,,
1999,RAIN,2.17,1.33,0.46,1.64
1999,RAIN,2.16,1.68,0.39,1.59
1999,RAIN,1.88,0.35,0.17,0.58
1999,RAIN,1.87,0.84,0.44,1.3
1999,RAIN,1.75,1.68,0.78,1.36
1999,RAIN,1.32,0.66,0.34,0.55
1999,RAIN,1.31,1.15,0.3,0.61
1999,RAIN,1.22,0.97,0.28,0.47
1999,RAIN,1.18,1.11,0.35,1.02
1999,RAIN,1.15,0.84,0.2,0.42
1999,RAIN,1.13,0.27,0.17,0.46
1999,RAIN,1.07,0.58,0.3,1.91
1999,RAIN,1.03,0.62,0.18,0.63
1999,RAIN,0.98,0.62,0.18,1.43
1999,RAIN,0.95,1.15,0.44,0.96
1999,RAIN,0.72,0.75,0.15,1.73
1999,RAIN,0.69,0.75,0.19,0.7
1999,RAIN,0.55,0.75,0.16,1.13
1999,RAIN,0.54,0.44,0.13,0.22
1999,RAIN,0.54,0.53,0.11,0.82
1999,RAIN,0.5,0.44,0.1,0.72
1998,CLOUD,47.5,22.31,6,8.11
1998,CLOUD,41.3,15.4,4.12,6.55
1998,CLOUD,37.5,14.87,7.2,6.26
1998,CLOUD,22.14,5.8,4.86,6.51
1998,CLOUD,20.1,9.65,2.2,4.62
1998,CLOUD,19.88,16.82,3.4,8.05
1998,CLOUD,18.4,7.97,1.91,5.37
1998,CLOUD,17.4,8.28,2.58,3.25
1998,CLOUD,14.28,3.36,2.68,3.7
1998,CLOUD,13.36,9.21,2.12,3.2
1998,CLOUD,11.06,3.28,1.7,3.85
1998,CLOUD,11.02,5.62,1.35,1.09
1998,CLOUD,11,1.99,1.93,2.16
1998,CLOUD,10.68,6.11,2.3,5.26
1998,CLOUD,10.2,4.2,1.09,1.44
1998,CLOUD,8.79,3.32,1.67,2.26
1998,CLOUD,7.75,7.13,1.25,1.52
1998,CLOUD,6.66,4.16,2,2.11
1998,CLOUD,6.22,3.01,1.67,1.28
1998,CLOUD,6.05,1.42,1.21,2.58
1998,CLOUD,5.83,2.7,1.42,1.7
1998,CLOUD,5.44,1.55,1.17,2.26
1998,CLOUD,5.07,5.09,1.52,2.57
1998,CLOUD,5.07,1.5,0.96,3.27
1998,CLOUD,4.92,2.21,1.14,1.04
1998,CLOUD,4.76,2.74,1.39,3.15
1998,CLOUD,4.22,1.37,0.71,2.63
1998,CLOUD,3.97,3.32,1.06,1.19
1998,CLOUD,3.81,1.15,0.61,2.84
1998,CLOUD,3.66,0.93,0.72,1.28
1998,CLOUD,3.3,0.71,0.3,0.49
1998,CLOUD,2.94,1.11,0.3,0.86
1998,CLOUD,2.63,1.15,0.21,2.43
1998,CLOUD,2.56,0.93,0.44,1.91
1998,CLOUD,2.46,1.06,0.42,1.58
1998,CLOUD,2.46,0.66,0.13,2.29
1998,CLOUD,2.37,0.66,0.23,0.83
1998,CLOUD,2.27,1.46,0.24,1.65
1998,CLOUD,1.47,1.42,0.74,1.76
1998,CLOUD,1.47,0.8,0.17,1.35
1998,CLOUD,1.38,0.62,0.21,1.68
1998,CLOUD,1.33,1.11,0.34,2.5
1998,CLOUD,1.29,0.89,0.36,0.74
1998,CLOUD,1.27,0.58,0.04,0.95
1998,CLOUD,1.24,0.84,0.38,1.32
1998,CLOUD,1.23,0.49,0.02,1.73
1998,CLOUD,1.21,0.8,0.17,1.5
1998,CLOUD,1.09,0.35,0.01,0.59
1998,CLOUD,1.02,1.42,0.34,1.34
1998,CLOUD,1,0,0.01,0.62
1998,CLOUD,0.99,0.35,0.13,1.15
1998,CLOUD,0.97,0.22,0.01,2.48
1998,CLOUD,0.91,0.8,0.05,0.69
1998,CLOUD,0.91,0,0.02,0.44
1998,CLOUD,0.71,0.49,0.08,0.61
1998,CLOUD,0.57,0,0.02,1.16
1998,CLOUD,0.54,0.27,0.06,0.4
1998,CLOUD,0.52,0.22,0.02,0.42
1998,CLOUD,0.26,0.31,0.11,0.54
1998,CLOUD,0.24,0.31,0.11,0.77
1998,CLOUD,0.19,0.27,0.01,0.97
1998,CLOUD,0.16,0.49,0.07,0.64
1998,CLOUD,0.16,0.27,0.01,0.7
1998,CLOUD,0.1,0,0.01,0.3
1998,CLOUD,0,0.09,0,0.33
1998,CLOUD,0,0.04,0,0.34
1998,CLOUD,0,0,0,0.21
1998,RAIN,6.84,2.83,1.45,
1998,RAIN,5.94,2.12,0.42,0.66
1998,RAIN,5.51,2.83,1.08,1.69
1998,RAIN,4.97,1.73,0.82,0.97
1998,RAIN,3.18,1.2,0.49,
1998,RAIN,2.25,1.55,0.28,2.3
1998,RAIN,2.04,0.89,0.26,0.51
1998,RAIN,1.68,0.93,0.13,0.59
1998,RAIN,1.63,0.75,0.23,1.5
1998,RAIN,1.32,0.8,0.12,1.09
1998,RAIN,1.31,0.62,0.32,0.7
1998,RAIN,1.22,0.44,0.28,0.79
1998,RAIN,1.12,0.75,0.3,0.62
1998,RAIN,1.12,0.84,0.22,2.71
1998,RAIN,0.64,0.4,0.06,2.32
1998,RAIN,0.62,0,0.04,0.61
1998,RAIN,0.6,0,0,0.69
1998,RAIN,0.59,0.31,0.13,0.95
1998,RAIN,0.58,0.35,0.01,3.26
1998,RAIN,0.47,0.49,0.1,1.72
1998,RAIN,0.4,0.62,0.05,0.58
1998,RAIN,0.4,0.49,0.01,0.35
1998,RAIN,0.35,0.04,0.01,0.85
1998,RAIN,0.34,0.13,0.03,0.73
1998,RAIN,0.33,0.04,0.01,0.56
1998,RAIN,0.32,0,0,0.83
1998,RAIN,0.31,0.18,0,0.78
1998,RAIN,0.31,0.09,0,0.32
1998,RAIN,0.29,0.27,0,0.61
1998,RAIN,0.27,0.13,0.03,0.38
1998,RAIN,0.27,0,0,0.76
1998,RAIN,0.24,0.44,0,0.31
1998,RAIN,0.23,0.4,0.02,0.57
1998,RAIN,0.22,0.35,0.1,0.73
1998,RAIN,0.2,0.09,0.01,0.44
1998,RAIN,0.17,0.31,0.08,0.54
1998,RAIN,0.17,0.22,0,0.54
1998,RAIN,0.15,0.13,0.04,0.69
1998,RAIN,0.15,0,0,2.03
1998,RAIN,0.14,0.22,0,0.37
1998,RAIN,0.11,0.13,0.02,0.3
1998,RAIN,0.1,0.04,0.06,0.59
1998,RAIN,0.1,0,0.01,0.36
1998,RAIN,0.05,0.04,0,0.59
1998,RAIN,0.03,0,0,0.71
1997,CLOUD,26.7,12.04,6.24,8.89
1997,CLOUD,24.15,15.76,4.16,5.9
1997,CLOUD,20,2.74,1.31,4.33
1997,CLOUD,17.7,6.64,5.1,5.19
1997,CLOUD,15.8,7.7,2.2,5.94
1997,CLOUD,15.4,4.29,2.42,4.64
1997,CLOUD,13.65,6.9,2.92,4.92
1997,CLOUD,12.35,6.77,3.07,7.23
1997,CLOUD,11.69,2.57,0.65,2.69
1997,CLOUD,11.18,8.72,1.39,4.34
1997,CLOUD,9.05,4.34,1.97,3.6
1997,CLOUD,8.98,4.78,0.83,2.07
1997,CLOUD,6.41,0.75,0.66,1.73
1997,CLOUD,6.25,8.98,3.57,2.38
1997,CLOUD,6.06,4.74,2.13,4.72
1997,CLOUD,5.69,1.24,0.41,2.58
1997,CLOUD,4.83,1.81,0.98,2.89
1997,CLOUD,4.76,2.35,1.24,2.48
1997,CLOUD,4.48,2.08,0.69,1.69
1997,CLOUD,4.12,2.21,0.96,4.88
1997,CLOUD,3.14,0.62,0.15,0.46
1997,CLOUD,3.03,2.04,0.86,3.31
1997,CLOUD,2.9,2.92,0.58,3.72
1997,CLOUD,2.9,2.79,0.36,1.66
1997,CLOUD,2.45,3.76,1.92,0.6
1997,CLOUD,2.25,1.28,0.58,2.5
1997,CLOUD,1.35,0.62,0.29,3.11
1997,CLOUD,1.2,0.62,0.15,0.29
1997,CLOUD,0.93,0.93,0.33,1.63
1997,CLOUD,0.76,2.26,0.72,0.47
1997,CLOUD,0.75,0.58,0.36,1.5
1997,CLOUD,0.72,1.06,0.07,0.66
1997,CLOUD,0.68,0.31,0.2,0.59
1997,CLOUD,0.48,0.27,0.19,0.57
1997,RAIN,8.99,2.97,1.32,2.29
1997,RAIN,7.36,1.95,1.15,1.88
1997,RAIN,7.13,2.57,0.67,1.47
1997,RAIN,5.21,3.32,1.34,0.4
1997,RAIN,5.11,3.14,0.47,1.45
1997,RAIN,4.85,3.36,1.01,2.57
1997,RAIN,4.67,4.43,0.45,1.81
1997,RAIN,4.47,1.9,0.56,2.32
1997,RAIN,4.28,2.74,1,3.28
1997,RAIN,3.53,2.21,0.6,1.98
1997,RAIN,3.38,1.46,0.44,2.08
1997,RAIN,3.28,1.68,0.33,1.55
1997,RAIN,2.58,1.55,0.32,0.29
1997,RAIN,2.53,1.33,0.43,0.69
1997,RAIN,2.22,1.06,0.42,2.02
1997,RAIN,1.83,0.97,0.43,2.41
1997,RAIN,1.69,1.64,0.16,0.93
1997,RAIN,1.54,1.02,0.33,0.52
1997,RAIN,1.16,0.58,0.14,0.48
1997,RAIN,1.15,0.66,0.15,0.44
1997,RAIN,1.05,0.97,0.22,1.65
1997,RAIN,0.93,0.18,0.16,0.35
1997,RAIN,0.8,0.31,0.15,1.02
1997,RAIN,0.64,0.97,0,0.76
1997,RAIN,0.57,0.49,0.24,0.61
1997,RAIN,0.55,0.44,0.03,0.53
1997,RAIN,0.54,0.27,0.12,0.77
1997,RAIN,0.52,0.13,0.16,2.41
1997,RAIN,0.42,0.53,0.17,1.26
1997,RAIN,0.41,0.62,0.19,1.11
1997,RAIN,,3.36,0.72,2.72
1996,CLOUD,37.2,15.77,7.72,6.72
1996,CLOUD,26,18.61,4.04,4.77
1996,CLOUD,24.4,8.15,6.68,6.7
1996,CLOUD,17.16,13.07,3.62,5.85
1996,CLOUD,15.56,6.73,6,6.76
1996,CLOUD,15.56,13.56,3.86,4.33
1996,CLOUD,13.01,10.37,2.02,5.54
1996,CLOUD,12.92,10.72,2.9,4.07
1996,CLOUD,12.66,7.44,2.08,3.39
1996,CLOUD,9.74,7.53,0.91,3.26
1996,CLOUD,9.64,8.15,1.73,2.91
1996,CLOUD,8.92,5.94,2.24,1.85
1996,CLOUD,8.51,6.78,1.05,1.25
1996,CLOUD,8.33,4.78,3.36,3.21
1996,CLOUD,7.6,5.94,3.58,3.01
1996,CLOUD,7,3.63,1.65,1.13
1996,CLOUD,6.82,2.35,1.71,1.75
1996,CLOUD,6.41,3.01,0.84,2.49
1996,CLOUD,5.03,2.35,0.96,1.8
1996,CLOUD,4.86,2.26,0.57,1.07
1996,CLOUD,4.56,2.35,0.64,1.6
1996,CLOUD,4.54,1.77,1,6.78
1996,CLOUD,4.33,1.77,0.54,0.66
1996,CLOUD,4.23,1.9,0.61,0.98
1996,CLOUD,4.22,1.33,0.43,0.75
1996,CLOUD,3.15,1.73,0.73,1.23
1996,CLOUD,2.78,1.55,0.89,0.98
1996,CLOUD,2.58,1.82,1.26,4.86
1996,CLOUD,2.41,1.42,0.74,3.46
1996,CLOUD,2.09,1.55,0.47,0.84
1996,CLOUD,1.98,0.8,0.36,0.55
1996,CLOUD,1.86,0.93,0.16,0.75
1996,CLOUD,1.71,0.89,0.26,0.65
1996,CLOUD,1.58,1.42,0.28,0.79
1996,CLOUD,1.45,0.93,0.48,1.4
1996,CLOUD,1.31,0.84,0.71,0.74
1996,CLOUD,0.98,0.4,0.09,0.34
1996,CLOUD,0.89,0.97,0.3,0.41
1996,CLOUD,0.75,0.22,0.13,0.36
1996,CLOUD,,24.99,9.6,
1996,CLOUD,,17.72,7.84,
1996,RAIN,4.81,3.06,1.48,2.32
1996,RAIN,4.2,2.7,0.62,1.79
1996,RAIN,3.62,1.86,0.44,1
1996,RAIN,3.1,0.97,0.47,0.94
1996,RAIN,3.07,1.55,0.84,1.53
1996,RAIN,2.8,1.68,0.45,0.45
1996,RAIN,2.67,1.55,0.3,0.48
1996,RAIN,2.54,2.13,0.44,1.19
1996,RAIN,2.47,1.77,0.78,1.13
1996,RAIN,1.51,0.84,0.45,0.29
1996,RAIN,1.46,1.28,0.22,0.93
1996,RAIN,1.36,1.42,0.31,0.63
1996,RAIN,1.33,1.11,0.37,0.81
1996,RAIN,1.25,0.53,0.15,0.23
1996,RAIN,1.19,0.97,0.73,1.23
1996,RAIN,1.07,1.06,0.26,1.2
1996,RAIN,0.89,1.06,0.24,0.49
1996,RAIN,0.68,0.27,0.07,0.3
1996,RAIN,0.6,0.13,0.16,0.57
1996,RAIN,0.48,0.04,0.01,0.68
1996,RAIN,0.47,0.27,0.14,2.14
1996,RAIN,,5.36,0.47,
1995,CLOUD,,33.28,12.89,16.95
1995,CLOUD,29.39,11.86,4.66,4.41
1995,CLOUD,29.33,16.95,6.73,5.83
1995,CLOUD,26.39,15.62,4.06,4.97
1995,CLOUD,23.78,9.78,3.31,4.95
1995,CLOUD,16.18,11.07,2.31,2.67
1995,CLOUD,12.58,5.22,2.37,2.21
1995,CLOUD,10.71,3.01,1.25,1.4
1995,CLOUD,8.18,2.21,1.55,1.77
1995,CLOUD,6.7,1.73,0.85,1.02
1995,CLOUD,6.17,2.43,1.13,1.56
1995,CLOUD,5.9,0.75,0.65,0.67
1995,CLOUD,5.77,2.88,1.59,1.53
1995,CLOUD,5.71,1.11,0.89,2.99
1995,CLOUD,5.5,2.26,1.75,2.39
1995,CLOUD,4.68,1.59,0.82,1.22
1995,CLOUD,4.64,1.15,0.77,1.03
1995,CLOUD,4.27,2.26,1.53,3.07
1995,CLOUD,3.58,4.47,1.81,1.21
1995,CLOUD,3.11,0.89,0.56,0.89
1995,CLOUD,2.81,0.53,0.33,0.59
1995,CLOUD,2.53,0.71,0.46,0.61
1995,CLOUD,2.28,1.02,0.54,1.71
1995,RAIN,6.32,3.67,1.13,1.94
1995,RAIN,5.47,1.81,0.29,0.96
1995,RAIN,5.07,2.39,0.61,1.62
1995,RAIN,4.94,3.14,0.66,1.54
1995,RAIN,3.5,0.4,0.29,0.58
1995,RAIN,3.18,2.17,0.64,2.51
1995,RAIN,2.52,3.81,0.4,0.61
1995,RAIN,1.76,0.8,0.22,0.87
1995,RAIN,1.31,0.22,0.12,0.42
1995,RAIN,0.79,0.22,0.09,0.94
1995,RAIN,0.74,0.22,0.08,0.46
